#{"t_start": 1757679027.0682552, "env_id": "None"}
r,l,t
-0.0844,65,1.393934
-58.784078,74,1.862814
-155.616004,89,2.456522
-182.059287,249,3.976892
-156.758908,191,5.18273
-38.270698,147,6.08532
-511.372702,291,7.953152
-523.414338,220,9.354496
-95.534262,61,9.762948
-92.697914,59,10.131559
-227.02021,296,12.005388
-78.555455,191,13.236123
-81.43684,163,14.255502
41.382645,76,14.704106
-113.62868,62,15.094382
-63.450788,180,16.211671
97.608231,80,16.723826
-114.829495,58,17.109595
-65.145251,184,18.242578
-64.50197,201,19.544441
-119.316249,56,19.912241
-75.40377,69,20.368041
-99.535668,42,20.637362
-119.956294,154,21.643192
-73.134399,142,22.613346
-77.915414,67,23.076195
-146.346673,74,23.556743
-46.959784,56,23.930506
64.948717,125,24.734668
-90.885981,57,25.089107
71.172441,107,25.764758
-95.142894,66,26.220388
-47.722322,168,27.288914
-258.511609,269,29.002461
-119.719193,64,29.43294
-82.350132,47,29.729172
-204.019922,295,31.599204
-0.617058,94,32.187159
-67.937537,112,49.966618
-96.005642,127,50.787773
-119.093003,41,51.046905
-182.040293,283,52.832057
-99.292665,45,53.124979
-136.091153,60,53.509193
-97.995592,56,53.885077
-149.500826,65,54.323255
-110.150227,37,54.560401
-112.454532,42,54.848828
-116.062597,44,55.151213
-80.180601,131,56.030439
-118.194827,85,56.572855
-93.644274,45,56.83558
-89.720457,42,57.091033
-109.128694,57,57.437788
-98.486241,45,57.729479
-90.919636,36,57.957809
-95.621961,52,58.285169
-104.214585,44,58.543954
-116.699058,42,58.821747
-85.986273,115,59.538217
-102.613846,43,59.802954
-90.293423,43,60.077735
-100.218514,67,60.504524
-98.557242,66,60.928411
-92.397393,42,61.161751
-75.421462,54,61.474278
-96.520342,73,61.90149
-627.877735,291,63.770445
-84.368719,44,64.04446
-104.270608,37,64.264075
-102.236944,68,64.681485
-73.790272,54,65.030557
-79.889073,60,65.455255
-54.044189,116,66.211391
-94.242378,57,66.567224
-109.921048,60,66.977033
-88.99353,59,67.34985
-117.434564,58,67.715845
-104.792187,41,68.01082
-130.610293,55,68.38328
-127.61666,46,68.680299
-98.873912,44,68.97724
-101.207193,43,69.267105
-105.290218,60,69.653362
-141.540936,45,69.924542
-99.202521,66,70.347672
-93.470223,113,71.037726
-117.174733,190,72.239152
-102.373087,40,72.503466
-99.690156,49,72.819716
-120.656611,88,73.377769
-115.867447,38,73.645681
-100.20427,37,73.898125
-86.541688,67,74.341355
-97.912136,44,74.626542
-84.593873,62,75.012249
-109.10822,47,75.290795
-73.513206,46,75.600649
15.618107,129,76.455574
-96.778373,43,76.749661
-249.429237,317,78.783088
-82.913193,54,79.145025
-101.170291,70,79.609972
-122.338932,51,79.935817
-120.77262,79,80.454439
-61.296528,157,81.472272
-93.640006,41,81.722266
-9.910229,52,83.372656
-86.481936,44,83.761679
-82.137621,117,84.487292
-181.393442,106,85.13651
-16.494642,116,85.826961
-119.355175,142,86.659081
-762.014208,507,89.719328
-226.612933,94,90.301921
-117.469381,30,90.490589
-218.771653,106,91.130508
-147.73094,41,91.391762
-286.416401,145,92.293971
-629.528812,322,94.314739
-164.768227,64,94.691479
-312.083205,809,99.673911
-123.0808,82,100.227531
-115.374277,70,100.667444
85.231864,78,101.17837
-339.489121,197,102.479378
121.442898,335,104.658759
-98.520856,80,105.198856
-68.041032,178,106.335374
-151.674514,48,106.6471
58.68286,39,106.88326
-149.353571,64,107.305464
-145.005696,45,107.617441
-105.611614,70,108.05335
-37.189297,57,108.433863
-77.474797,117,109.155595
76.868447,74,109.620132
-665.831768,542,113.03898
-170.796168,60,113.441665
-3.244135,221,126.026893
-98.26278,115,126.821492
-95.876885,41,127.093448
-117.569157,35,127.316139
-113.651964,35,127.557157
-157.691376,40,127.81618
-151.797375,60,128.220428
-118.100642,39,128.461383
-134.34937,42,128.71245
-125.509536,36,128.944216
-117.371878,37,129.210634
-127.974809,69,129.671679
-95.148436,37,129.915105
-106.908894,34,130.149172
-180.454302,222,131.567836
-113.139432,37,131.797794
-127.072885,35,132.009878
-142.023406,36,132.227119
-132.380178,33,132.438942
-87.579643,64,132.824789
-123.797684,36,133.060746
-110.786221,46,133.362952
-584.419017,289,135.167854
-105.947214,36,135.367687
-175.848588,39,135.601068
-135.14601,36,135.853672
-103.982269,234,137.274669
68.357995,111,137.933135
-854.219393,465,140.720329
-116.269028,329,142.797484
-116.072042,34,143.009255
-108.095964,48,143.331514
-162.521069,37,143.572153
-150.006624,74,144.029927
-103.457306,80,144.520154
-125.198197,36,144.761268
-129.81954,75,145.228585
-104.130812,35,145.456606
-108.500242,31,145.634057
-118.731885,35,145.84756
22.040977,89,146.403163
-72.235696,36,146.64048
-150.547977,36,146.880835
-48.604858,570,150.263398
-41.606232,138,151.072085
-130.158736,57,151.422047
-94.79692,35,151.633981
-106.987363,35,151.833471
-221.235781,321,153.799119
-117.62163,39,154.033144
-109.396813,33,154.253804
-106.026104,235,155.711357
-96.881488,34,155.931843
-131.213372,66,156.379696
70.928954,123,157.713884
-63.757915,85,158.211658
-86.044036,46,158.494578
-167.470084,351,160.524648
-12.548892,202,161.673999
55.235339,99,162.250836
-81.772981,59,162.58151
-46.841062,176,163.693683
-58.584685,85,164.224544
-141.674241,82,164.744426
-104.931521,82,165.292713
-44.865829,139,166.174165
-118.013194,75,166.588808
-113.464717,69,166.951884
72.505914,191,168.125744
-96.411378,66,168.517568
-101.77484,64,168.883389
-124.989309,119,169.573718
-83.642997,168,170.534382
-62.509052,127,171.273551
-44.728531,323,173.121451
-32.554619,218,174.494346
-100.43071,75,174.955479
-116.481366,62,175.3513
-85.072798,110,176.023578
-71.459408,65,176.431733
-337.008286,229,177.813416
-81.852228,59,178.194132
-89.308641,58,178.553976
-109.412564,81,179.04546
-132.829626,133,179.808819
-102.063984,75,180.260037
-61.60304,156,181.153361
-78.193766,123,181.873683
-125.080774,46,182.146971
-118.111441,49,182.442419
-4.202942,162,183.381238
-107.010269,34,183.582888
-173.614881,184,184.686192
-91.51709,61,185.07439
-128.315958,80,185.57428
-22.57566,141,186.459753
23.152327,191,187.930638
45.669899,85,188.483875
-119.66038,67,188.888254
-174.060231,65,189.267243
88.530971,281,190.918567
-162.84321,127,191.66422
-134.974214,170,192.661801
-153.225402,89,193.176077
-8.673533,106,193.794252
-71.649327,155,194.719895
-125.446569,87,195.240872
-96.125657,152,196.167419
-131.772015,45,196.450033
-114.523574,152,197.349006
-166.362613,58,197.710703
-142.839877,51,198.013326
-131.077035,51,198.320631
-174.824398,57,198.670416
-128.739522,51,198.983648
-104.048668,71,199.428138
-139.283905,54,199.738737
-159.109715,62,200.106045
-124.934701,88,200.640368
-156.718267,134,201.408409
-194.50293,51,201.70883
-164.194088,61,202.057944
-61.620311,202,203.242248
-165.462347,61,203.58959
-119.161222,48,203.874754
-159.497439,60,204.222153
-122.466206,57,204.553914
-163.578469,59,204.917436
-133.239245,41,205.17035
-140.608298,40,205.411935
-165.758066,109,206.054088
-126.206337,41,206.292446
-101.650164,53,206.60859
-196.943125,232,208.035294
-275.51474,262,209.618384
-156.41929,110,210.277201
-791.290631,666,214.175898
-152.080841,81,214.647541
-118.174799,40,214.885091
-131.551112,43,215.15487
-157.624038,114,215.851674
-131.457188,53,216.229801
111.0566,179,217.305726
-90.67198,67,217.717497
-75.575892,12,218.920828
-137.044729,46,219.208172
-161.051865,54,219.54051
-177.337321,37,219.792432
-111.221037,52,220.092658
-140.889936,40,220.345073
-133.395837,37,220.566088
-107.1545,41,220.803372
-145.578175,52,221.119298
-120.552165,37,221.329496
-264.850336,282,222.942639
-137.089304,52,223.2425
-90.410275,60,223.589017
-134.83491,40,223.828524
-43.328496,209,225.045794
-379.222289,339,227.080867
-128.697005,39,227.317436
-114.804238,38,227.561326
-80.76548,74,227.988997
-107.421529,60,228.352367
-182.79909,68,228.762977
-142.577624,40,229.027566
3.00607,123,229.755004
-101.300583,68,230.185503
-113.184545,34,230.374664
-114.550232,35,230.580401
-127.840291,44,230.853573
-106.50743,35,231.06089
-200.312032,56,231.399087
-154.847365,202,232.605157
-126.259066,49,232.911194
-124.174552,44,233.181507
-101.908789,128,233.941201
-97.501812,34,234.152558
-138.639471,54,234.486409
-132.534223,37,234.708666
-138.134755,57,235.052089
-205.605958,43,235.332355
-81.330503,48,235.67253
-151.816953,48,235.987647
-110.774117,34,236.192588
-125.436873,70,236.640546
-126.415103,37,236.886999
130.684337,156,237.846847
-118.07053,46,238.148444
-129.495618,49,238.481369
-96.834775,74,238.94929
-132.113683,48,239.253492
-129.081444,47,239.545636
-165.704324,51,239.875724
-122.360941,38,240.116885
-108.911189,53,240.464812
-124.097216,43,240.741918
76.725655,144,241.575371
-102.301681,42,241.832889
-121.771524,73,242.250226
-146.649716,41,242.49649
-166.038197,37,242.715136
-156.675596,88,243.232625
-129.945425,43,243.498272
-115.357354,62,243.872663
-127.217691,42,244.125874
-130.324433,37,244.363058
-120.81672,37,244.585721
-100.163838,225,245.921562
-212.495556,211,247.220031
-120.785139,43,247.505419
-154.551039,40,247.755844
-104.533449,134,248.575309
-145.739396,50,248.886842
-151.91186,42,249.141553
-43.816488,27,250.634515
-113.694894,67,251.067793
-173.681011,25,251.238525
-180.408784,31,251.420219
-160.795475,236,252.821727
-164.760826,211,254.056358
-113.365324,114,254.737723
-51.079116,214,256.009032
-192.209668,238,257.47261
-149.437449,270,259.168104
-156.330985,200,260.401753
-191.092222,296,262.150445
-120.395141,67,262.546447
-88.838939,85,263.050691
-117.038076,174,264.05213
-149.067564,68,264.462735
-164.416728,169,265.456048
-343.819494,384,267.748347
-124.145053,76,268.231471
-81.91087,139,269.119299
-486.917805,398,271.496597
5.714337,167,272.383159
-165.628963,118,273.101866
125.380333,172,274.097179
-246.92908,143,274.920221
-152.848807,164,275.867932
-372.312262,313,277.770354
-80.373381,139,278.63805
-167.985138,123,279.397021
-141.111293,92,279.981486
22.788008,107,304.161626
-41.773396,29,304.395467
-124.092054,78,304.916812
-108.423555,63,305.325711
-183.906113,97,305.952706
-86.295604,55,306.321188
-98.373404,44,306.588105
-121.74917,125,307.404353
-160.524894,66,307.847293
101.519258,118,308.617006
-363.114403,214,309.957148
-153.32529,52,310.287549
-144.886576,37,310.52746
-59.407238,313,312.563098
31.707628,202,313.890649
-175.92,50,314.235914
-194.167474,54,314.603489
-141.009623,51,314.933799
-130.622265,42,315.217166
-298.3811,161,316.270088
0.914237,44,316.558066
-454.56265,387,319.058123
114.745985,119,319.811243
-589.619181,264,321.585265
-150.906213,56,321.968506
-86.788976,57,322.36101
-134.876357,99,322.989452
-354.839327,205,324.329833
-132.49691,98,324.968952
-223.111614,180,326.131243
-111.619431,58,326.523442
-465.11491,285,328.389118
-98.634474,121,329.20988
-117.888723,76,329.727666
-134.913282,200,330.999657
-254.731903,255,332.655374
-176.771229,116,333.439604
-127.862339,78,333.942063
-124.921194,65,334.382467
-277.645008,153,335.372601
74.25717,73,335.817227
-114.435143,61,336.212196
-127.356928,53,336.541969
-16.300868,46,344.801649
-194.95823,77,345.32913
-173.070705,23,345.484193
107.316547,293,347.334046
-121.362111,117,348.118972
-255.973255,247,349.710773
-310.825645,234,351.228567
-132.39581,63,351.620989
-163.428466,198,352.957065
-153.177169,172,354.148343
-199.013323,105,354.85953
-11.339795,272,356.62581
-80.091626,68,357.081048
-61.447568,156,358.079727
-295.505684,329,360.206786
-11.958808,104,360.914476
-268.194584,270,362.703303
-115.330838,97,363.320348
112.580607,68,363.760533
-38.791346,173,364.891618
-326.783092,268,366.621228
-177.483315,383,369.101311
-329.468081,220,370.577686
-157.832844,94,371.159154
-146.86818,121,371.959814
-158.137524,104,372.59412
-341.521846,215,374.00924
-174.558626,135,374.872128
-9.070528,90,375.437603
-243.159038,171,376.522074
-91.992942,107,377.213202
-108.20202,26,394.324113
-138.69583,49,394.655279
-90.386787,177,395.791241
-144.866468,150,396.708301
-101.566148,213,397.96519
-90.299402,196,399.11132
-112.680191,75,399.548162
-109.186315,76,400.015653
-37.10572,187,401.117405
-100.284668,40,401.368615
-89.235118,93,401.954601
48.495051,102,402.567194
-151.672961,84,403.100685
5.52777,324,405.112864
-172.141061,107,405.784689
-81.004487,55,406.145963
-93.811602,84,406.679932
-121.688174,390,408.998473
-271.161487,257,410.516857
-105.356362,57,410.846676
-94.593417,56,411.192299
14.88836,135,411.980971
-94.884847,47,412.275412
-106.249477,65,412.7003
-119.007289,136,413.57016
-177.370879,101,414.182929
-82.096789,87,414.726102
62.923806,81,415.245933
-186.690419,218,416.652378
-25.090847,152,417.617203
-123.267603,74,418.097551
-132.925223,135,418.949954
-271.561894,231,420.433217
-42.076029,119,421.221837
-558.297706,377,423.653192
-330.856765,270,448.335851
-140.955688,44,448.64207
-266.28775,154,449.638471
-148.930167,68,450.067512
-124.801496,48,450.368242
-131.346525,49,450.715738
-163.85437,192,451.926573
-314.903353,423,454.621395
-537.70694,262,456.331103
-82.32512,119,457.088669
-100.543895,113,457.79792
-103.846938,127,458.666625
-131.059149,162,459.740022
-521.351994,360,462.010473
-140.466379,83,462.546516
-144.567639,60,462.914244
5.936686,94,463.497561
-157.551655,82,464.002092
-126.225678,49,464.301588
-157.891695,59,464.685721
-223.037084,129,465.48847
-524.44458,216,466.926391
-297.115255,97,467.525391
-324.645456,170,468.645383
-205.542347,72,469.1063
-417.101647,266,470.841965
-573.870119,247,472.519988
-51.303601,238,474.076912
-375.423956,206,475.418845
43.510544,244,477.031957
-360.040545,292,478.808343
-150.27484,57,479.155838
-133.674236,76,479.657859
-112.864684,142,484.806421
-146.053657,52,485.188329
-157.430077,27,485.381791
-129.974978,140,486.330319
66.977168,106,487.055033
-756.689834,368,489.491006
-170.581496,77,489.981873
-158.641224,78,490.47267
-119.414799,41,490.74135
-190.094578,69,491.191213
-168.055326,81,491.713952
-152.21673,78,492.235517
-124.795644,54,492.57454
-203.170877,175,493.752995
-193.107145,152,494.782605
-124.020415,47,495.084971
-161.706898,113,495.810726
69.977792,66,496.286981
-125.375314,70,496.767117
-80.736252,289,498.667699
58.11791,63,499.095304
-107.661784,97,499.713249
119.070467,285,501.533924
-118.927289,93,502.118127
-127.386446,62,502.512824
-21.737418,130,503.349787
-157.544999,79,503.880446
-152.12265,56,504.25903
-218.696368,146,505.219904
-58.825252,272,506.98172
39.065267,65,507.433915
-67.813671,145,508.384412
-160.362004,55,508.732221
-169.754957,58,509.127895
-168.559971,57,509.490744
-157.719909,79,510.028944
-137.986587,53,510.393848
-155.595418,54,510.77369
-174.529838,61,511.171611
-105.225773,110,511.887701
-51.871305,218,513.265279
-143.658536,45,513.549861
-129.17688,102,514.173196
-141.822257,74,514.663804
-173.736449,54,515.011526
-179.496532,46,515.311667
-174.709869,47,515.611446
-165.492084,49,515.912119
-151.6391,31,516.10282
-158.722622,38,516.344592
-96.30897,60,516.735723
-161.897343,44,517.020277
-16.147215,89,524.305594
-114.485472,46,524.640836
-175.576521,28,524.848285
-49.558138,194,526.095913
-208.110857,141,526.997379
-159.28419,29,527.187843
-755.688323,383,529.642368
-109.343392,50,529.990632
-167.374536,84,530.528703
-100.143834,47,530.863924
-114.799184,42,531.139641
-101.981579,80,531.642772
-138.912497,77,532.158004
-113.97162,52,532.480609
-125.237932,92,533.07085
17.803146,105,533.72166
-287.490097,201,534.906905
-144.757457,64,535.292558
66.393872,90,535.838654
-141.806565,55,536.188093
-133.883352,71,536.613204
-175.314579,56,536.938524
-142.369414,86,537.463045
-284.266988,368,539.705747
140.794483,107,540.360778
-153.496944,57,540.723026
50.437134,134,541.58311
-140.433411,85,542.150147
-165.599216,194,543.435213
-127.164814,71,543.889162
-104.272247,54,544.20606
-104.536617,50,544.521079
-115.459772,84,545.030273
-399.300477,230,546.429064
-86.549533,57,546.801332
23.828616,126,547.546321
-104.698496,65,547.950065
50.004525,93,548.525839
-94.000936,42,548.789028
-129.070711,70,549.21477
-87.909841,84,549.758133
-550.384729,331,551.789152
-102.272756,55,552.143112
145.51157,149,553.067605
-125.817524,44,553.338292
-105.920568,43,553.623846
-137.430806,94,554.202741
-165.701895,240,567.111023
-143.743164,55,567.455284
-588.751926,497,570.464653
-154.859224,116,571.148233
-33.201135,52,571.452918
69.895789,110,572.088397
-119.302385,165,573.061931
16.288688,280,574.726271
21.6084,152,575.704507
67.494621,88,576.263379
-148.858542,78,576.729934
230.657092,247,578.226649
29.791991,130,579.04589
80.4284,137,579.822897
-66.148499,40,580.071785
-62.134006,38,580.303114
-70.308127,35,580.509875
-87.144955,78,580.969796
-87.614555,126,581.683079
-109.831229,51,581.960266
-80.253475,177,582.95254
-94.210068,51,583.251593
-165.772008,313,585.140205
-42.453945,331,587.185828
-27.546626,176,588.255931
-116.171472,76,588.728197
-113.350834,45,588.994517
-127.40979,54,589.311539
-78.662654,58,589.657328
-18.873271,468,592.372502
-81.287696,89,592.891255
55.621777,69,593.297235
-404.181765,370,595.532505
183.976356,248,606.865628
-177.335688,45,607.150652
-167.676339,265,608.871148
-134.035896,33,609.071344
-98.76213,44,609.350738
-85.2758,44,609.63819
-97.344288,53,609.956115
-100.162791,54,610.272311
-79.080505,46,610.555444
-128.566366,53,610.873403
-100.649406,43,611.130193
-139.161343,81,611.625936
-96.061626,58,611.963892
-94.251575,60,612.315839
-95.625049,63,612.682487
-76.006222,68,613.080376
-114.531869,58,613.442406
-103.988998,66,613.821175
-98.963855,63,614.187562
-119.127691,89,614.735577
-106.57147,59,615.114625
-86.239313,204,616.345558
-105.932195,70,616.798942
-15.897116,124,617.601463
-96.620794,48,617.915561
-411.891483,320,619.91738
121.067293,145,620.805238
-88.719841,65,621.185262
-98.355218,41,621.422818
-97.540882,226,622.733715
-346.544708,275,624.344087
-135.050073,64,624.731255
-79.548016,135,625.562066
-74.309064,333,627.602417
-10.226482,91,628.162028
-97.021503,48,628.446678
-58.797631,59,628.809869
-178.840444,306,630.673694
-99.615864,58,631.00639
-115.346943,54,631.337677
-92.242702,48,631.617573
-141.082619,96,632.171017
-0.59644,169,633.154324
-99.908378,55,633.470431
-84.385499,86,633.974688
-119.839053,73,634.399712
-97.931141,45,634.659581
-40.917003,69,635.070555
-157.009707,228,636.435625
-116.761624,97,637.027755
-26.934807,23,640.903352
-135.567764,73,641.367175
-180.155991,22,641.509486
-240.402739,81,642.001474
-167.138081,140,642.812763
58.867741,74,643.254399
-41.558696,80,643.759246
78.687536,108,644.391321
-180.057059,230,645.781266
-158.260648,144,646.651309
-186.463493,153,647.599879
-106.096652,230,648.988654
-79.191329,55,649.338956
84.244868,197,650.507985
-40.85372,225,651.850275
28.449084,149,652.729404
139.352549,143,653.590467
-103.578536,93,654.17116
-93.729153,246,655.693672
95.68127,124,656.494847
-51.764465,64,656.916112
-58.576679,50,657.229929
215.302223,359,659.522012
-412.693498,378,662.088647
-117.071949,10,662.155074
-157.409455,64,662.594443
147.949009,131,663.458059
-159.979784,83,664.01984
-0.042862,199,665.359842
-2384.624542,764,670.385296
-120.382771,122,671.169772
-149.570236,49,671.499319
-150.491449,43,671.791743
-82.338081,109,672.514183
-71.020727,8,674.477414
-158.123767,50,674.853464
-182.436919,29,675.046377
-297.545726,301,677.024054
-153.996807,104,677.701759
-26.121277,285,679.585811
90.467918,98,680.235011
96.174472,181,681.444946
-225.686719,401,684.049654
-18.87523,277,685.80784
-175.052528,61,686.185913
135.067162,135,687.011268
157.167377,168,688.126037
101.281798,142,689.099192
-167.638728,130,689.939278
-630.095316,401,692.578491
-194.780238,86,693.136971
-111.053081,47,693.462293
-653.231631,315,695.492403
-130.831104,37,695.748729
-98.102548,40,696.019205
-132.153903,196,697.286089
-162.415358,86,697.861949
-132.591797,35,698.098609
-126.218315,44,698.394776
-906.613949,399,700.971998
-149.240016,67,701.434074
-183.493314,44,701.715876
-136.75514,39,701.994917
-107.015279,40,702.265142
-105.873426,38,702.527387
-81.612795,184,703.72417
-133.806501,90,704.334541
-137.223144,38,704.60237
-143.51012,58,704.978211
-124.155386,38,705.234544
-148.449365,42,705.49955
-131.330995,60,705.903013
-132.286917,56,706.262676
-121.791028,43,706.553498
-105.575085,39,706.806659
-118.099039,51,707.148972
-61.731341,25,717.554219
-163.265601,67,718.00585
64.879315,149,718.9536
-87.673749,50,719.280655
-1094.956527,444,722.152714
-105.538106,74,722.620109
-298.908827,250,724.24376
-109.673037,56,724.608751
-138.016213,48,724.915733
-27.955591,126,725.758308
-95.304514,52,726.094253
-116.372307,67,726.530763
-127.286852,74,727.003689
-105.787421,47,727.328483
-119.55709,54,727.660177
-142.480406,71,728.072748
-20.163266,164,729.108938
-72.646631,137,730.010386
87.277886,125,730.803961
-110.603458,69,731.241132
-54.84216,145,732.170115
-301.037443,255,733.841217
-128.481243,75,734.342485
-149.961084,286,736.259872
-13.843889,335,738.398228
-137.105451,117,739.172758
-86.1349,119,739.914907
29.764279,135,740.823464
-259.781263,245,742.438332
-97.820089,135,743.320817
-102.461317,67,743.775451
-104.278692,83,744.335101
-93.06483,96,744.973726
-121.601605,45,745.280125
-99.139384,77,745.801448
-40.567999,196,747.117719
-86.400171,56,747.478334
-72.555468,100,748.122081
-111.13233,57,748.511932
-118.251548,67,748.939257
-28.09867,185,769.927534
-149.825309,51,770.259823
-211.743026,37,770.504521
-125.424523,61,770.899877
-127.511195,72,771.33669
-128.385367,49,771.650298
-92.400602,55,772.045446
-283.267498,222,773.535109
-73.168625,67,774.002629
-101.992493,81,774.53798
-87.34738,68,774.987556
-69.831637,138,775.878086
-12.967988,181,777.064665
-132.850042,196,778.322098
-73.242571,65,778.734978
-119.043557,71,779.213742
-13.170889,233,780.646687
-53.512407,62,781.043954
122.139873,83,781.560933
-86.362761,78,782.044715
-96.947277,184,783.215832
-129.186576,71,783.667585
-118.401838,75,784.136947
-173.63823,584,787.857629
-95.904722,77,788.380963
-133.413798,116,789.154955
-415.332142,340,791.36092
-112.757652,58,791.733104
-104.057956,74,792.199897
138.097656,360,794.409425
-198.468883,152,795.368291
-146.066014,50,795.672273
-106.888019,159,796.662523
-148.091226,258,798.288509
-430.958746,572,817.601059
-134.781388,85,818.190789
-186.616444,23,818.344698
51.358166,275,820.122729
-64.646607,34,820.355817
-88.991759,45,820.642137
-67.375644,39,820.887273
-151.52748,120,821.698466
-2455.392275,2079,835.410374
-133.974111,41,835.688699
-133.384057,43,835.960723
-91.687327,65,836.370192
-173.217355,192,837.594982
-72.3872,180,838.800086
-114.24615,47,839.112412
-104.405711,55,839.439646
7.864493,208,840.757374
-55.570931,48,841.080015
-130.905313,63,841.517962
-103.153437,71,842.018801
-424.397935,254,843.630507
-81.335935,347,845.912816
-118.063649,53,846.239906
83.26662,103,846.913438
-106.124568,58,847.278108
-151.786098,85,847.843828
162.632972,168,848.922001
-39.993735,55,849.282413
40.736453,164,850.635934
-160.511126,56,851.023443
-196.180425,48,851.345942
-172.32063,35,851.589911
-68.482308,364,853.945948
-105.369506,49,854.287007
-129.915376,98,854.912618
-95.597708,244,856.516678
-196.860568,159,857.556039
-105.904147,60,857.927312
-165.624221,255,859.533027
-157.164573,120,860.318152
-76.851308,104,860.980552
39.747027,101,861.666151
-84.683782,37,861.925321
19.211805,101,862.573416
-107.418688,50,862.901299
-136.282344,257,864.604556
-59.911077,140,865.522768
-123.582456,45,865.815921
-76.131805,125,866.625831
-106.680841,65,867.101873
-351.17738,243,868.661637
-119.28783,59,869.029074
-101.969718,46,869.293205
-76.693415,170,870.345137
-81.532599,171,871.436877
-128.255569,87,871.995992
-299.756589,263,873.703532
-49.559183,108,874.415623
-136.164933,96,875.038406
-97.816003,67,875.46503
-31.203156,158,876.471873
-34.72036,175,877.598797
-103.85847,69,878.04986
-171.286806,59,878.438684
-62.737899,155,879.452219
20.516212,172,880.552395
-107.171244,60,880.936079
-72.842609,177,882.077108
-123.264695,50,882.398105
-27.333906,102,883.400914
-133.703553,78,883.952459
-159.365108,42,884.217042
-98.740091,72,884.678934
-320.786309,269,886.427993
-140.755889,61,886.825157
-85.741674,127,887.671412
5.850595,96,888.292565
-114.537122,71,888.773371
-123.562596,60,889.180537
-516.075151,298,891.079393
-102.765313,67,891.503654
-225.421961,348,893.711915
-170.589901,67,894.142124
-124.094421,82,894.65389
-182.233628,141,895.501896
-127.370593,242,896.934621
-94.739409,56,897.264728
-61.085458,129,898.022389
-70.916889,284,899.685341
-91.915252,56,900.018146
56.929298,112,900.72991
-97.731305,63,901.159134
-104.069521,55,901.53519
70.393937,268,903.154333
-94.419617,61,903.562241
-51.833629,113,904.265563
-364.631149,319,906.284448
-119.185395,46,906.561643
-72.22008,164,907.543211
-116.41987,64,907.93686
-109.871674,43,908.194385
-322.463868,350,910.273892
-63.972692,155,911.201663
-108.676645,71,911.67088
-186.345031,231,913.116949
85.954609,132,913.964076
-129.215961,45,914.243357
5.684138,62,915.476507
-137.282457,44,915.777122
-57.128304,71,916.242806
-97.361532,34,916.460261
-160.657495,40,916.700703
-145.229928,266,918.306292
-114.080559,39,918.537895
-119.997781,35,918.745045
-140.28147,40,918.990893
-249.425212,74,919.420383
-197.124475,265,920.995979
-140.006837,41,921.242959
-133.3526,33,921.450475
-131.913848,37,921.687872
-141.246739,54,922.021814
-156.763253,38,922.26046
-132.046747,39,922.481982
-124.936655,36,922.712613
-149.239835,58,923.05026
-176.914975,43,923.293635
-137.919684,36,923.517076
-118.345867,40,923.759788
-125.581305,39,923.985303
-180.806212,41,924.230294
-132.028635,44,924.487721
-170.775644,49,924.785725
-85.777129,42,925.031831
-92.498162,49,925.325208
-141.932648,38,925.564155
-100.506602,36,925.778836
-123.060582,47,926.05091
-117.065004,35,926.264078
-108.478742,44,926.542468
0.847572,92,927.099759
-71.220636,41,927.341823
-183.000824,55,927.673548
-86.5989,60,928.017639
-142.540721,39,928.255132
-119.714362,45,928.543224
-127.740962,45,928.815732
-127.129001,38,929.055232
-174.069682,46,929.322381
-114.279162,37,929.558055
-129.355691,38,929.793928
-130.19376,39,930.031068
-125.712661,59,930.397255
-122.822855,39,930.634122
-149.283265,42,930.894899
-110.240207,41,931.156402
-88.953469,39,931.393312
-139.307997,51,931.69984
-124.356861,66,932.087006
73.508521,232,933.454731
-52.514632,150,934.330482
-107.923902,44,934.592064
-125.068316,38,934.812797
-132.215244,37,935.033475
-110.881544,39,935.269959
-120.46474,42,935.522056
-128.063027,41,935.77627
-122.465978,68,936.177567
-142.017284,43,936.439286
-137.346022,60,936.794519
-116.886128,40,937.045284
-105.008246,38,937.283335
-111.431347,38,937.517049
-42.700972,81,938.02082
-191.562575,54,938.370922
-118.160207,44,938.630079
-102.108518,98,939.233244
-113.432909,38,939.477802
-134.127573,52,939.816908
-145.355989,81,940.326814
-193.30858,57,940.675294
-127.513756,41,940.937936
-187.027977,191,942.092559
-139.044144,39,942.326705
-139.651618,42,942.568443
-96.298232,79,943.033387
-358.525366,339,945.017607
-65.572378,48,945.301508
-116.994175,46,945.576012
-61.494376,21,947.817245
-156.180104,51,948.160543
-264.166105,40,948.406202
-204.917667,99,949.000656
-12.383306,145,949.876645
-70.926904,58,950.232198
-109.04746,41,950.476093
-149.648647,69,950.88421
-94.220613,131,951.706866
-129.570969,132,952.495187
9.567127,214,953.738861
11.696724,110,954.387936
-122.407719,58,954.718881
-110.321519,68,955.135795
-101.329467,113,955.800991
-95.084091,87,956.317004
-125.205195,61,956.664291
-64.00139,220,958.034868
-148.012578,273,959.729094
-99.716482,47,960.031534
-111.391342,127,960.84253
-222.01274,263,962.420083
-82.092981,68,962.830117
-931.822625,434,965.444799
-113.321063,69,965.870985
-110.773599,130,966.635081
-121.066985,51,966.960396
-64.149713,156,967.938989
-86.758365,185,969.093819
-83.022681,51,969.407808
-125.913323,57,969.787058
-88.272049,59,970.151396
-270.299559,244,971.663275
-409.465229,309,973.546784
-53.617963,126,974.306825
-20.582952,249,975.800169
-82.508621,46,976.084072
-84.949244,135,976.913904
19.61413,224,980.736397
-104.376631,80,981.263795
-218.874503,224,982.548455
-123.854242,94,983.14456
-127.186462,196,984.378594
-1.882542,120,985.09252
-417.261529,353,987.232048
-58.870239,53,987.541756
-493.582072,224,988.9518
-200.848847,263,990.545775
-122.195075,58,990.909649
-1006.117489,489,993.863047
-85.379989,43,994.115565
70.449734,72,994.557243
-79.905002,91,995.095002
120.187037,102,995.692634
-369.217218,161,996.640823
-67.615965,71,997.066336
-242.453599,310,998.888734
-128.344923,64,999.272596
-155.911217,278,1000.984965
-113.364055,154,1001.925914
107.655983,126,1002.68778
-78.671154,46,1002.976319
66.562667,84,1003.481169
-147.552614,92,1004.019007
-160.734752,77,1004.477937
-212.411533,147,1005.344771
28.223606,141,1006.151411
-80.87461,53,1006.452481
-245.867004,414,1008.804431
147.536032,150,1009.693571
-113.054581,57,1010.027124
35.225587,113,1010.959978
-102.962334,57,1011.354025
-59.640031,152,1012.318604
-42.007155,56,1012.667093
-325.265825,222,1014.090565
-110.860879,58,1014.517799
30.547408,99,1015.173235
-152.335163,207,1016.602777
-115.746705,94,1017.247662
-127.261736,280,1019.112168
-390.163622,134,1019.997855
-44.535787,116,1020.743758
-130.79282,60,1021.1408
-227.784403,301,1023.060566
-17.913085,142,1023.976456
-90.290024,205,1025.338462
-166.117017,133,1026.227623
-175.891726,263,1027.979202
-14.960721,257,1029.683288
-499.810492,240,1031.264089
-94.327354,71,1031.770033
-132.813164,73,1032.228062
126.608033,231,1033.711474
-108.670015,44,1033.996237
-467.053728,412,1036.65134
-50.898656,142,1037.593267
-84.200762,87,1038.17898
-205.226226,206,1039.56824
-51.46614,210,1040.938594
98.07186,103,1041.596971
-76.171639,50,1041.930024
-45.810473,271,1043.758084
-40.266297,24,1044.220594
-124.224829,84,1044.793807
-147.192342,36,1045.018287
-98.136802,42,1045.309825
-121.946314,39,1045.569374
-109.435051,44,1045.862539
-93.801247,36,1046.104705
-145.590323,53,1046.452723
-121.960411,63,1046.871437
-107.258089,53,1047.231235
-84.292353,49,1047.540038
-100.36384,47,1047.844791
-149.209072,52,1048.188122
-100.309528,22,1048.343111
-576.582092,460,1051.262414
-111.526295,94,1051.84688
-95.026517,42,1052.116183
-131.793282,40,1052.385296
-143.114471,40,1052.638844
-109.969535,227,1054.111638
32.490757,74,1054.610286
-106.272551,56,1055.017397
-135.276316,43,1055.293512
-131.876954,65,1055.715975
-128.062564,54,1056.090166
-123.546024,35,1056.308767
-135.420971,43,1056.610031
-104.079388,78,1057.12079
-153.261839,184,1058.295667
-119.544193,39,1058.53664
-149.294314,53,1058.888768
-84.939011,57,1059.262184
-101.198316,39,1059.519003
-110.651361,80,1060.048882
12.265459,175,1061.166001
-88.855956,71,1061.644852
-149.01037,46,1061.932478
-73.700767,168,1063.03057
-100.891276,168,1064.099345
-144.234002,50,1064.445565
-125.061539,37,1064.679579
-232.352318,330,1066.86664
-243.296346,233,1068.410161
-138.246826,40,1068.685998
-108.493613,66,1069.131162
-124.075518,42,1069.424295
-111.725085,38,1069.683493
-163.26426,89,1070.266459
-119.196171,41,1070.531739
-123.936982,42,1070.785218
-114.135772,58,1071.154122
-129.346698,44,1071.469157
-115.76435,65,1071.908507
-101.817165,78,1072.408939
-115.277733,41,1072.66682
-150.574138,98,1073.302972
-151.416929,41,1073.562657
-107.083747,54,1073.91412
-125.472287,148,1074.889289
-33.873982,86,1075.441131
-144.949057,98,1076.110175
-98.684833,52,1076.467665
-166.336222,66,1076.905841
-81.166803,12,1077.231522
-155.14057,52,1077.588305
-225.784148,27,1077.779146
-160.053549,51,1078.112171
-160.690433,38,1078.372298
-148.505673,31,1078.577787
-138.564553,53,1078.911248
-108.036503,39,1079.173131
-120.107471,43,1079.460435
-94.293331,54,1079.842838
-151.283139,95,1080.495091
-195.68413,45,1080.793942
-129.830008,49,1081.110153
-150.803692,310,1083.127192
13.294546,226,1084.59165
-115.520295,65,1084.987217
56.344911,101,1085.605136
-142.863272,37,1085.83601
-152.179684,66,1086.278544
-167.611627,58,1086.644015
-403.48256,326,1088.771525
-136.006119,64,1089.184705
-107.970369,69,1089.641681
-107.408533,41,1089.921822
-133.998978,49,1090.23548
-106.072403,96,1090.962612
-102.523975,68,1091.44159
-224.371849,177,1092.679379
-182.428017,93,1093.348709
-129.769588,47,1093.657572
-155.978269,89,1094.272262
-141.706376,49,1094.59532
-153.483035,60,1095.002721
-108.367768,60,1095.388822
-110.111983,61,1095.780093
-128.907366,90,1096.369217
-129.650329,72,1096.823247
-107.239924,61,1097.224775
-95.718694,62,1097.643067
-43.436467,272,1099.414154
-129.35287,158,1100.420441
-97.831951,88,1100.992401
-104.052512,108,1101.676406
-110.48248,73,1102.164635
-118.004987,185,1103.386652
-935.562384,542,1106.863367
-495.423316,371,1109.307779
38.792315,89,1109.862773
-62.864078,40,1116.088084
-159.78409,53,1116.471691
-177.390833,33,1116.692663
-140.480981,78,1117.192009
-101.757533,41,1117.436281
-107.322745,49,1117.728502
-96.005603,41,1117.985651
-115.47906,55,1118.332199
-133.707814,62,1118.736838
-163.377496,93,1119.337992
-148.667837,72,1119.799112
-165.368607,57,1120.179295
-168.040193,74,1120.651741
-106.248496,42,1120.927488
-154.099284,51,1121.272447
-138.928126,68,1121.728032
-144.970621,57,1122.089523
-121.34166,43,1122.376606
-249.970973,209,1123.736788
-107.422246,52,1124.103769
-117.31443,46,1124.397121
-138.487074,67,1124.852206
-162.829416,38,1125.103024
-125.879765,46,1125.403765
-133.840949,48,1125.717522
-206.544241,203,1127.021752
-125.564628,38,1127.276139
-93.212167,52,1127.616634
-113.379969,54,1127.939198
-207.806924,213,1129.346656
-87.288409,141,1130.248719
-117.556098,45,1130.521511
-115.813225,144,1131.426428
-94.290576,97,1132.04301
-132.020082,160,1133.067358
-100.090404,118,1133.856596
-180.749255,72,1134.330303
-113.165817,42,1134.602676
-200.487127,201,1135.906773
-98.412854,54,1136.269667
-111.595988,45,1136.571776
-253.678637,186,1137.725872
-99.280432,76,1138.216984
-130.329333,35,1138.454755
-112.442765,61,1138.835697
-104.912458,45,1139.131861
-346.822576,354,1141.449193
-90.210952,50,1141.821329
-125.014185,52,1142.138206
-144.880142,64,1142.565559
-398.68736,239,1144.120672
-124.294117,73,1144.615841
-371.557879,207,1146.017068
-5.414977,187,1147.24005
-266.645139,217,1156.872583
-168.86986,55,1157.254241
-463.25004,517,1160.585025
-131.971541,39,1160.815705
-150.907875,68,1161.255685
-106.446577,65,1161.69809
-143.05061,50,1162.019171
-131.428251,44,1162.30181
-160.680527,54,1162.643376
-191.079041,74,1163.117783
88.151201,368,1165.552474
78.436562,130,1166.393419
-200.900567,99,1167.060091
-156.765892,53,1167.432067
-159.270502,56,1167.816587
-125.40846,46,1168.118606
-120.85213,57,1168.505711
-90.075507,73,1168.976352
14.019006,122,1169.761215
-107.679043,52,1170.098228
-122.733747,51,1170.436913
-86.65703,57,1170.82072
-144.693687,58,1171.193341
-110.965409,38,1171.438125
-113.21098,65,1171.839291
-114.218138,56,1172.189607
-190.316754,122,1172.976267
-91.891998,246,1174.546795
-418.405007,251,1176.181518
-94.526783,40,1176.464509
-142.427565,72,1176.937466
-143.251758,61,1177.32162
112.496898,387,1179.848791
-66.764919,96,1180.475103
-121.06136,62,1180.89675
-75.288658,215,1182.289137
-287.598488,231,1183.767388
-102.577918,64,1184.169974
-126.169441,74,1184.643617
-136.420798,61,1185.076045
-257.139071,457,1188.027699
-36.311167,229,1189.742895
50.613659,65,1190.211
-132.549768,222,1191.633131
-125.091696,42,1191.901971
-115.808971,37,1192.1687
-125.093441,38,1192.425741
-162.754383,66,1192.883214
-138.185373,40,1193.180899
-112.057621,62,1193.601861
-144.17869,30,1193.798326
-121.233158,43,1194.07085
-148.049995,63,1194.488267
-153.269449,52,1194.832395
-121.473325,34,1195.072025
-109.547465,33,1195.300196
-506.536098,300,1197.280419
-113.593411,32,1197.506511
-123.81384,39,1197.765583
-112.475237,46,1198.050531
-83.980175,39,1198.328776
-76.636165,107,1199.040692
-168.142778,67,1199.513643
-113.15134,46,1199.796345
-8.296354,457,1202.755023
-365.911135,546,1206.207698
-121.037768,51,1206.523263
-166.653156,54,1206.844593
-94.749515,148,1207.792381
-149.798834,49,1208.103822
-150.216718,58,1208.49
-129.797407,37,1208.726994
131.977591,162,1209.759592
-89.344633,57,1210.122413
-106.679624,53,1210.454142
-155.998163,38,1210.690387
-144.282868,45,1211.011631
-116.211702,44,1211.289879
-117.92583,69,1211.760084
-130.301808,48,1212.076507
-132.110132,29,1212.269624
-93.836139,50,1212.588792
-82.924455,58,1212.961535
-118.238188,42,1213.229569
-106.279877,42,1213.498457
-116.691643,52,1213.855208
-117.044414,40,1214.123409
-122.341041,142,1215.072648
-99.162508,40,1215.337766
-117.901236,40,1215.613065
-116.380306,37,1215.870334
-107.384254,202,1217.153166
-44.73184,160,1218.255109
-369.792798,301,1220.186416
-65.650117,47,1220.501686
-121.822815,75,1220.977542
-137.274694,67,1221.403494
-122.651861,47,1221.723257
-80.6175,93,1222.307108
-55.216609,2,1226.216511
-57.34586,67,1226.616991
141.427543,112,1227.304655
-128.126814,166,1228.288224
-238.548975,160,1229.309498
-126.301198,39,1229.557589
-177.692814,50,1229.873201
-267.647787,256,1231.488698
-142.015141,60,1231.873321
-96.72055,151,1232.869027
-140.418705,44,1233.173238
-150.715074,51,1233.506091
-273.386552,135,1234.415765
-183.626794,83,1234.923841
-128.576177,36,1235.150503
-137.482107,38,1235.39039
26.459511,270,1237.035403
-108.013665,67,1237.440036
-126.958593,41,1237.706302
-151.057213,51,1238.005275
-128.59487,43,1238.283379
-118.48902,38,1238.495647
-123.175993,48,1238.788014
-129.362958,43,1239.056696
-0.115392,163,1240.123509
-110.694262,43,1240.387835
-135.467497,45,1240.705241
-120.357018,37,1240.955743
-126.474045,58,1241.35164
-148.162582,57,1241.71604
-135.362976,41,1241.973209
-114.506994,40,1242.240216
-391.062486,330,1244.383064
-129.548093,52,1244.714007
-122.051132,41,1244.946628
-158.329504,57,1245.297969
-119.227924,32,1245.497831
-126.732805,49,1245.788568
-588.571798,354,1247.928266
-158.882317,112,1248.621996
-392.396347,273,1250.324011
-108.851855,44,1250.596032
-151.762579,163,1251.582521
-135.387516,98,1252.206565
-110.76899,37,1252.440667
-149.608233,44,1252.724305
-121.914556,38,1252.957521
-111.706529,124,1253.716472
-143.982987,89,1254.251191
-108.184962,41,1254.519566
-103.873621,40,1254.790957
-197.712976,248,1256.390568
-118.62484,201,1282.190401
-124.402743,66,1282.651736
-152.583578,23,1282.810667
-163.656855,96,1283.415889
-124.246303,55,1283.748415
-131.928002,74,1284.19389
-497.927539,368,1286.335714
-129.29302,57,1286.673973
-481.83113,195,1287.829255
-351.184196,376,1290.11216
-113.829231,175,1291.170397
-216.514276,271,1292.83406
-64.070535,113,1293.53383
-346.779057,238,1294.928787
-76.966828,61,1295.281818
-245.888491,174,1296.314266
173.366215,152,1297.199783
-52.11776,114,1297.891424
-157.543199,146,1298.769058
2.361849,84,1299.285905
-63.08859,76,1299.756754
-26.393901,185,1300.907165
-170.782206,105,1301.59033
-185.932163,303,1303.467113
-64.262309,195,1304.647309
9.874939,108,1305.300353
-106.527458,65,1305.685488
35.668742,181,1306.73803
-100.871441,51,1307.046121
-120.711426,56,1307.38572
11.247133,123,1308.100385
-100.11685,58,1308.450044
-338.319517,432,1311.095626
17.637484,213,1312.412106
-76.264191,11,1312.762336
-141.118225,115,1313.537864
-173.307024,26,1313.702585
-206.557366,54,1314.040007
-270.334948,385,1316.384622
-159.906124,159,1317.370406
-48.394647,92,1317.919535
-525.933138,452,1320.703729
-452.320142,389,1323.156948
-788.657925,383,1325.504715
12.243576,178,1326.58778
-161.938147,120,1327.336982
-292.513478,404,1329.767981
-198.707017,142,1330.643019
-220.651987,176,1331.669955
-148.333089,149,1332.629711
-257.322181,171,1333.67195
-102.740071,65,1334.089053
-138.231575,215,1335.411261
-94.912644,131,1336.212892
-954.134585,692,1340.52348
-150.740141,221,1341.906733
-299.603762,164,1342.918112
-107.102297,117,1348.869218
-121.854675,107,1349.583081
-25.047729,193,1350.785219
-79.81543,150,1351.690691
-110.737261,63,1352.074031
-129.883685,23,1352.22418
-99.065486,79,1352.744498
-145.78269,42,1353.077554
-150.158726,48,1353.431868
87.065117,76,1354.007991
-93.133081,176,1355.133384
-146.783779,41,1355.381094
-163.830704,40,1355.6249
-160.044498,69,1356.034922
-167.933541,56,1356.386619
-141.868831,161,1357.404528
-157.583437,54,1357.736743
-157.046941,48,1358.033419
-157.685442,61,1358.397289
-156.402565,54,1358.714284
-146.859233,46,1358.989267
82.890366,75,1359.460989
-152.908443,48,1359.752234
-163.029041,44,1360.038517
-155.073014,238,1361.518152
-137.576721,68,1361.938373
-144.86012,43,1362.203535
-159.13951,43,1362.46657
-175.943992,66,1362.877769
-186.747245,43,1363.13719
-139.002525,48,1363.442865
-128.189919,214,1364.749192
-153.92052,38,1364.986015
-155.235063,45,1365.257256
-132.318762,59,1365.594745
-126.148882,42,1365.849192
-162.182152,158,1366.765543
-195.222528,147,1367.636599
-115.288076,48,1367.912532
-150.608478,50,1368.214913
-175.6195,46,1368.499901
-148.707991,74,1368.918883
-145.181237,70,1369.326696
-151.687514,39,1369.570735
-140.798408,35,1369.791952
-149.413872,62,1370.185677
-162.574363,41,1370.430497
-134.881776,35,1370.661706
-136.666451,57,1371.000862
-159.308954,50,1371.329781
-145.589995,45,1371.620212
-133.082477,37,1371.847218
-132.141308,103,1372.525428
-137.934933,44,1372.837561
-98.489674,116,1373.599095
-131.035247,41,1373.857986
-148.391101,41,1374.138512
-265.486789,241,1375.706274
-143.743361,38,1375.954171
-136.19803,136,1376.872713
-149.544386,64,1377.271943
-150.179363,48,1377.585563
-166.90555,60,1378.000816
-136.719889,38,1378.241167
2.154221,209,1379.596128
-131.739163,39,1379.857198
-67.878774,87,1391.449895
-149.888699,55,1391.807196
-177.464424,35,1392.03367
-68.620508,178,1393.170063
-150.371295,82,1393.688231
-114.419707,78,1394.211644
-101.445092,64,1394.621407
-51.075632,175,1395.766383
-45.035017,221,1397.239484
-63.618017,175,1398.430134
-82.12558,304,1400.48094
-80.016637,65,1400.926808
-113.497307,101,1401.590887
-127.565771,51,1401.923673
99.106542,100,1402.624494
-692.409694,420,1405.436139
16.442463,81,1405.966422
-220.924864,324,1408.09235
-543.954084,486,1411.248222
-108.339174,85,1411.82724
-142.685717,41,1412.078587
-3.631157,128,1412.910682
49.8109,213,1414.337981
-1298.366486,466,1417.474468
-256.54227,296,1419.440974
-102.542016,123,1420.256799
-257.017686,309,1422.255392
191.832209,222,1423.692933
-88.441826,36,1423.951971
-89.76858,82,1424.47087
-56.627817,4,1440.307736
-160.823867,58,1440.706765
-170.816599,22,1440.867332
192.036268,176,1441.972603
-480.045242,553,1445.536759
-64.859529,74,1446.041722
-311.235601,219,1447.491885
-243.685691,234,1449.072003
-569.664123,439,1451.891043
-151.765178,67,1452.341843
-80.32772,129,1453.206766
-181.277527,324,1455.348802
156.5775,138,1456.241121
-128.817947,136,1457.143793
-14.540601,86,1457.733197
-165.326783,279,1459.545691
-424.592839,563,1463.066473
-142.485742,100,1463.686761
64.841524,95,1464.238944
-183.254895,116,1464.960747
-127.070397,60,1465.368041
-152.126302,103,1466.024237
131.083085,98,1466.626805
145.606305,141,1467.500303
-39.566162,200,1468.767018
-433.694444,383,1471.143293
-110.24981,118,1471.840153
-98.827626,54,1472.16532
-60.922941,35,1485.62741
-145.609584,91,1486.237291
-123.665062,40,1486.497385
-121.709769,48,1486.807487
-104.299074,37,1487.04639
-402.670725,287,1488.829239
-431.304377,386,1491.137153
-142.650799,48,1491.427468
-136.631444,44,1491.685167
-115.629522,34,1491.892313
-159.525099,56,1492.231677
-134.410984,43,1492.50192
-140.999397,41,1492.749745
-136.918927,42,1493.019116
-128.333952,51,1493.327393
-123.104452,51,1493.649924
-133.493969,38,1493.886277
-132.969506,38,1494.116174
-32.41411,37,1494.357425
-77.057086,56,1494.702404
-138.800597,70,1495.163408
-139.459887,44,1495.437146
-128.472184,61,1495.826603
-126.446764,36,1496.057775
-121.746451,70,1496.490948
-103.910952,36,1496.705695
-95.838596,165,1497.742052
-91.316145,40,1498.011032
-130.146105,38,1498.262833
-104.229418,36,1498.471951
-106.684626,35,1498.708454
-219.626907,376,1501.189591
-65.933006,47,1501.536152
-808.78374,482,1504.760781
-102.045389,61,1505.148289
16.944764,197,1506.420354
-222.679561,305,1508.405186
-101.052378,79,1508.927322
-104.346213,35,1509.154779
-127.124478,57,1509.535515
-117.900538,37,1509.783064
2.353146,251,1511.406765
-119.978727,38,1511.645142
-134.957127,65,1512.031431
-99.99562,99,1512.642114
-119.757867,43,1512.933044
-119.076853,36,1513.176859
-67.760503,163,1514.290852
-119.400408,40,1514.540109
6.167192,182,1515.714378
-93.927365,52,1516.057882
-111.287728,35,1516.2777
-146.215721,36,1516.530716
57.100611,185,1524.349629
-165.44566,72,1524.868031
-174.323606,37,1525.105348
-128.580726,57,1525.451181
-126.64582,156,1526.514752
-146.095408,63,1526.935261
-147.732195,114,1527.688605
-511.723771,301,1529.684822
-68.443903,145,1530.658897
-308.799732,300,1532.596155
-680.465496,316,1534.70872
-669.743131,298,1536.730958
-114.868829,52,1537.090171
5.037102,99,1537.748798
-652.398839,464,1541.274403
-263.453482,88,1541.923093
-104.826732,60,1542.349724
15.76316,240,1544.0671
-62.9224,123,1545.007522
-10.274239,151,1546.128398
-417.6992,271,1548.219282
-896.456609,625,1553.007737
-133.396524,219,1554.67652
24.632291,222,1556.407842
-106.039505,87,1557.113016
-96.781677,99,1557.87396
-153.622688,45,1558.232239
-137.592606,57,1558.672606
-18.922446,239,1565.205952
-190.352944,59,1565.680194
-170.572293,28,1565.912732
-194.135073,37,1566.191003
-167.539231,51,1566.590982
-152.01788,204,1568.140471
-116.433211,125,1569.092232
-107.312873,145,1570.18182
24.862293,150,1571.340182
-476.843775,438,1574.644756
79.840181,115,1575.53425
-213.027905,230,1577.216672
-141.930923,135,1578.222579
-100.325465,180,1579.597423
-461.982206,207,1581.150281
-926.310057,485,1584.765027
-139.106449,84,1585.439208
41.20388,79,1586.049383
-135.17521,167,1587.275769
-127.659321,82,1587.906143
-8.591039,150,1589.020204
-134.358346,61,1589.473527
-68.286422,69,1590.023569
-58.209599,88,1590.67141
-159.628532,44,1591.033861
-85.165135,83,1591.688106
-50.439529,164,1592.912174
-400.705751,394,1595.927583
-148.056749,56,1596.348264
-157.207673,238,1598.125135
-137.503027,94,1598.829732
-44.305472,188,1600.233312
-139.216991,215,1601.911693
-91.320656,97,1602.628232
-54.817611,58,1606.692062
-164.795258,78,1607.326903
-197.255893,65,1607.850665
-144.287918,34,1608.13685
-130.578163,38,1608.436471
-145.997454,42,1608.823634
-158.919163,42,1609.188236
-140.437086,40,1609.512528
-125.854708,53,1609.942544
-374.843741,331,1612.440986
-136.76101,39,1612.730843
-88.895224,52,1613.12098
-137.421212,39,1613.428217
-114.267068,53,1613.831788
-97.484499,49,1614.210976
-112.599517,40,1614.523346
-117.455117,60,1614.985323
-432.222882,324,1617.524297
-153.341659,78,1618.135352
-81.531898,50,1618.527598
-87.237358,251,1620.456899
-148.751658,39,1620.83429
-126.877569,36,1621.147633
-95.816105,55,1621.653985
-129.840131,41,1622.011176
-154.079968,56,1622.481281
-128.56694,48,1622.872263
-100.0386,33,1623.14148
-155.088421,37,1623.461092
-128.133489,67,1623.988369
-103.759243,61,1624.471244
-108.306432,39,1624.769094
-99.640734,69,1625.27065
-138.590856,40,1625.585943
-124.976905,37,1625.864541
-141.338986,39,1626.166561
-125.683942,34,1626.418966
-123.082608,41,1626.736896
-154.13761,42,1627.073685
-86.262458,40,1627.374732
-131.659889,39,1627.686323
-122.502471,40,1627.986433
-121.009616,102,1628.752086
-113.220499,72,1629.333096
-134.594662,45,1629.649967
-147.827716,46,1629.992345
-138.036699,40,1630.320498
-222.30339,232,1632.158005
-96.930637,36,1632.437346
-126.572585,38,1632.708197
-156.823689,144,1633.790285
-81.973522,49,1634.151098
-138.783998,45,1634.499331
-152.764668,34,1634.74322
-118.330018,36,1635.028368
-63.977391,82,1635.649326
-117.55229,67,1636.136683
-148.571058,63,1636.608422
-138.903561,60,1637.058956
-102.061036,35,1637.330762
-125.069595,36,1637.59989
-201.463851,55,1638.013706
-146.955856,46,1638.381943
-122.518884,62,1638.835774
-52.109877,227,1640.531555
-100.520144,35,1640.773561
-112.261099,53,1641.177131
-117.815387,40,1641.505639
-120.155887,64,1642.017412
-107.234273,34,1642.2812
-71.171534,123,1643.164079
-130.110874,57,1643.58221
-133.662372,38,1643.865331
-104.367637,48,1644.215521
-103.53314,37,1644.49344
-2.462837,128,1652.028302
-134.012022,75,1652.630278
-59.845491,49,1652.983644
-69.692726,214,1654.526119
-461.537835,259,1656.447156
-127.634628,155,1657.640312
-136.461102,51,1658.027941
-115.955553,83,1658.68877
-154.577205,98,1659.461275
-114.367203,277,1661.624978
-91.598798,87,1662.271186
-236.289833,140,1663.307518
-126.049763,164,1664.510705
-91.339249,79,1665.08288
-376.526022,324,1667.498477
-97.445868,62,1667.990033
-492.904145,296,1670.299296
-96.733514,55,1670.73117
-41.993489,199,1672.264424
-102.161721,86,1672.901065
56.083206,65,1673.377654
-88.992211,45,1673.707637
93.553548,87,1674.294848
-49.467479,44,1674.610204
-101.738475,145,1675.592579
-104.962606,53,1675.983359
-523.270063,279,1678.090298
-240.357767,394,1681.102337
-95.441196,165,1682.401445
-78.371796,190,1683.785775
-111.687267,144,1684.868849
-16.286699,288,1687.047878
-258.488129,255,1688.945719
-127.739756,93,1711.434635
-169.438655,76,1712.057711
80.895162,103,1712.867546
-299.796955,267,1714.923651
-85.467499,233,1716.684589
-108.262334,48,1717.036483
141.60197,192,1718.450162
-426.581003,237,1720.187445
-146.789039,110,1720.991177
-422.558944,371,1723.900084
-601.197633,439,1727.417315
-142.799653,92,1728.14841
-120.205108,61,1728.602264
-119.444943,85,1729.241141
-130.420536,70,1729.756178
-148.640032,132,1730.74072
-81.908532,131,1731.772128
-108.534928,110,1732.640218
-152.205047,94,1733.366076
284.241708,310,1735.785689
-163.044747,423,1739.010247
-373.757377,404,1742.038795
-30.504575,260,1744.057148
281.249776,469,1747.600945
-124.218718,138,1748.635564
-9.772848,145,1749.929446
-152.61194,63,1750.412383
-179.089975,44,1750.754182
-637.997733,419,1753.936056
-140.082332,68,1754.438004
-172.491495,274,1756.49155
-127.597482,81,1757.118465
-143.032313,61,1757.589815
-153.628336,129,1758.552574
-134.120957,310,1760.867001
-203.873545,257,1762.800457
-257.542296,220,1764.380058
-251.645357,220,1766.02369
-288.539625,163,1767.236835
-159.32942,113,1768.102443
-772.868642,782,1774.137049
-58.148566,86,1774.780459
-430.199436,326,1777.312771
-206.188057,223,1779.03393
-69.692949,309,1781.459583
-557.082507,401,1784.521642
-78.983108,113,1785.414816
-86.085592,58,1785.872524
-373.013302,224,1787.592375
-100.750666,56,1788.254639
-144.273494,59,1788.71651
-170.448349,29,1788.954247
-150.701922,158,1790.165347
-144.32692,86,1790.857699
-66.744278,290,1793.114479
-182.489393,210,1794.687478
-108.618812,87,1795.354478
-158.775322,79,1795.953992
-153.0846,69,1796.462816
-81.578521,96,1797.171445
-204.049909,291,1799.450205
-835.539298,407,1802.557076
-274.518759,417,1805.674977
-82.354337,77,1806.190977
-119.71615,103,1806.891798
-364.797468,420,1809.807099
-118.295328,101,1810.536948
-121.534715,67,1810.995856
6.697364,282,1812.945538
-329.470783,275,1814.843356
-126.451131,95,1815.574249
-0.393703,190,1817.0459
-466.742863,322,1819.415655
-978.216741,523,1823.431228
-138.867345,182,1824.838733
-42.147718,85,1825.836636
-163.852343,65,1826.385218
-192.981286,126,1827.36421
-3775.809611,2167,1844.380626
-86.658801,66,1844.912774
-43.800987,179,1846.321711
-145.216144,78,1846.949426
-125.51543,51,1847.355194
-94.791251,191,1848.89238
-96.251338,74,1849.491142
5.961676,85,1850.119622
-98.704834,54,1850.53987
-101.31272,54,1850.97375
31.994003,180,1852.398526
-121.091001,82,1853.040422
-149.022745,52,1853.424528
78.545025,115,1854.30796
-285.708449,303,1856.690464
132.587684,88,1857.36934
-132.255076,66,1857.874494
-106.763367,51,1858.291167
-34.949821,333,1860.85393
-93.663752,58,1861.299118
85.885153,83,1861.989781
-67.456068,52,1862.374429
-5.82251,290,1864.617614
0.787868,57,1865.624813
-141.635766,118,1866.55661
-149.779827,59,1866.983636
-123.67691,35,1867.257071
-133.24827,32,1867.503977
-82.891695,54,1867.924468
-143.425075,46,1868.292612
-135.526035,44,1868.657494
-127.061641,48,1869.041009
-144.51181,51,1869.472096
-121.723915,39,1869.75767
-146.42796,76,1870.372288
-88.318071,42,1870.709039
-124.269115,36,1870.990888
-135.424429,45,1871.340483
-119.344139,36,1871.624644
-135.430724,50,1872.02804
-132.253284,48,1872.424395
-165.799148,54,1872.907111
-98.168386,78,1873.540757
-145.29885,41,1873.874789
-111.750093,36,1874.17456
-94.015003,42,1874.522841
-135.999501,50,1874.907112
-134.103776,41,1875.214552
-160.642356,58,1875.636543
-119.93425,71,1876.200607
-106.899957,48,1876.587823
-127.406276,37,1876.890443
-112.641442,35,1877.174266
-136.131355,131,1878.223388
-111.822268,43,1878.570576
-142.787973,52,1878.996937
-113.612959,44,1879.321718
-84.920601,51,1879.674207
-120.462101,44,1880.023835
-137.149332,44,1880.340453
-129.833872,77,1880.942297
-120.128061,50,1881.307755
-102.45478,61,1881.807117
-139.013353,35,1882.078328
-118.845839,54,1882.523793
-139.154102,38,1882.823945
-100.643386,65,1883.357139
-99.043987,36,1883.62376
-110.915549,38,1883.941329
-148.021288,54,1884.357864
-135.681032,41,1884.683682
-114.527068,63,1885.18201
-116.768727,39,1885.505013
-111.447058,63,1885.990422
-133.578503,38,1886.276477
-121.666793,41,1886.606404
-114.473807,44,1886.940957
-129.46213,40,1887.238833
-121.000052,43,1887.566709
-111.550369,43,1887.907773
-157.900536,49,1888.290811
-129.925298,46,1888.640446
-114.005522,35,1888.907149
-106.38886,40,1889.20587
-117.648537,81,1889.811416
-104.1736,38,1890.086282
-201.982808,182,1891.404883
-111.456978,43,1891.730647
-79.220713,71,1892.271266
-131.462193,45,1892.62131
-99.162409,41,1892.963534
-181.250217,240,1894.823982
-131.172377,119,1895.750132
-160.629365,232,1897.496463
-108.230587,41,1897.808558
-98.324078,81,1898.442621
-151.137565,37,1898.727924
-152.465591,113,1899.60752
-107.263122,35,1899.877422
-129.09925,41,1900.195693
-86.15496,51,1900.606305
-51.486093,242,1902.47199
-137.64082,52,1902.907121
-140.733753,41,1903.223786
-104.749145,182,1905.266711
-109.385849,71,1905.826587
-217.335985,85,1906.506687
-449.938241,233,1908.220952
-100.215216,169,1909.479531
-245.705649,158,1910.657514
-604.524916,511,1914.57794
-60.532104,59,1915.020781
-630.025315,320,1917.47032
-143.414153,101,1918.241792
-687.472494,549,1922.408072
-765.322819,528,1926.390507
122.576541,111,1927.255719
-133.540957,61,1927.721717
-108.383728,85,1928.373841
67.56597,127,1929.360619
-127.63227,100,1930.142867
-112.458061,61,1930.623813
-639.759375,442,1934.057904
-498.395992,358,1936.697655
-90.624866,174,1938.011663
120.714015,347,1940.62384
-206.255942,100,1941.424846
-258.386168,194,1942.933858
-56.250985,56,1952.573857
-129.262698,70,1953.122619
-189.993549,47,1953.458201
39.399148,80,1954.086629
-378.443278,204,1955.690501
-355.45368,281,1957.851176
-110.865156,144,1959.023894
-824.340569,472,1962.671793
-126.903813,126,1963.643669
-106.800908,131,1964.692674
-532.624457,163,1965.978328
-130.276744,175,1967.373274
-599.175333,383,1970.363743
-109.525905,49,1970.745523
-147.023253,119,1971.691094
-135.084176,51,1972.075854
-123.664028,76,1972.673884
100.503999,103,1973.492038
-122.241498,81,1974.142303
-130.12787,52,1974.540056
16.554328,286,1976.796015
-119.306722,50,1977.184393
-122.640051,39,1977.492288
-112.598824,43,1977.840527
-142.947864,134,1978.924246
-138.034827,54,1979.360789
-123.476061,49,1979.754626
-188.145415,99,1980.524235
-118.553907,50,1980.938334
-162.792463,52,1981.360305
-87.09978,49,1981.740555
-157.111951,54,1982.179949
-99.298166,44,1982.523866
-149.122045,59,1982.973865
-151.384548,48,1983.340568
-113.07886,48,1983.717957
-137.735256,115,1984.623872
269.06905,255,1986.659261
-137.47778,76,1987.24054
-135.142529,72,1987.824924
-464.91233,344,1990.498878
-114.831951,88,1991.201781
-132.279438,47,1991.578042
-55.692633,38,1999.26405
-172.059095,46,1999.620988
-242.157121,43,1999.957675
-152.914727,34,2000.224354
-116.195462,46,2000.590556
-111.534334,43,2000.923321
-154.146738,100,2001.731001
-115.878633,39,2002.03892
-112.239534,112,2002.926339
-83.958906,62,2003.408883
-181.799991,180,2004.821283
-102.230217,65,2005.338378
-161.427176,56,2005.783504
-101.130691,55,2006.19056
-89.782364,48,2006.547142
-196.954723,64,2007.040832
-160.313475,52,2007.43839
-89.125276,59,2007.89598
-154.778071,45,2008.236217
-104.936453,46,2008.582724
-127.891513,57,2009.011354
-154.800005,40,2009.312876
-124.981036,40,2009.61666
-710.055719,218,2011.276701
-125.879187,47,2011.62389
-142.368351,44,2011.987011
-140.477875,43,2012.35295
-135.990698,82,2012.992594
-126.802275,37,2013.294943
-52.670303,252,2015.297654
-78.540998,38,2015.615655
-103.58688,69,2016.157972
-180.855397,54,2016.609325
-104.577029,43,2016.941991
-104.011201,54,2017.387487
-134.916955,39,2017.696155
-113.637243,52,2018.121904
-143.663341,46,2018.507107
-133.339903,69,2019.036803
-101.031103,61,2019.508232
-113.865797,44,2019.853707
-118.424847,46,2020.240588
-136.145587,60,2020.690586
-182.676143,64,2021.186289
-144.187824,38,2021.476437
-290.039916,200,2023.063758
-133.137586,41,2023.417072
-115.902866,40,2023.754333
-98.951145,49,2024.142451
-117.209786,39,2024.437719
-117.253357,40,2024.757243
-109.974646,65,2025.283266
-141.83184,37,2025.566273
-131.197395,41,2025.885096
-90.40837,60,2026.345686
-203.411723,50,2026.734904
-482.524132,352,2029.457243
-78.961984,42,2029.771991
-102.074589,57,2030.202052
-92.825345,49,2030.624427
-110.205109,40,2030.948438
-123.186868,37,2031.25349
-118.862531,47,2031.616887
-190.371947,52,2032.029002
-88.73063,46,2032.39064
-121.412147,48,2032.773124
-139.143776,120,2033.707867
-138.957926,33,2033.966095
-66.78506,38,2034.248939
-166.639154,260,2036.290602
-111.756565,42,2036.640914
-156.991694,63,2037.142402
-160.343069,42,2037.471967
-129.40466,52,2037.872522
-97.977289,72,2038.443201
-68.511791,14,2038.842703
92.163665,120,2039.808269
-296.467889,237,2041.632386
-105.967889,40,2041.940437
-128.641328,34,2042.205585
-154.071539,39,2042.523616
-96.489707,38,2042.826805
-99.743428,118,2043.724905
-124.542809,34,2043.993127
-94.566465,105,2044.808641
-136.806093,110,2045.674823
-145.082912,64,2046.185239
-146.690305,60,2046.631859
-108.318062,115,2047.528103
-116.547714,36,2047.822754
-117.818085,32,2048.06044
-182.779296,50,2048.457618
-123.504253,58,2048.923148
-120.057431,43,2049.259611
-157.96053,73,2049.823945
-20.988216,203,2051.374492
-74.071008,61,2051.859232
-106.053997,54,2052.296418
-116.587162,46,2052.657625
-107.992373,74,2053.243453
-93.279917,48,2053.623984
-99.552557,51,2054.017346
93.95718,81,2054.662605
-68.968542,48,2055.02135
-98.768006,53,2055.436059
-78.293849,194,2056.893176
-35.982023,102,2057.639251
-48.590515,63,2058.091794
-120.447583,59,2058.541002
-86.32036,69,2059.047095
-82.335988,62,2059.5344
-114.395506,214,2061.156015
72.152209,140,2062.25725
-88.962878,54,2062.675016
-198.844926,220,2064.354021
-175.383179,287,2066.557245
-108.039591,71,2067.128047
68.978447,99,2067.957163
-63.309637,43,2068.332439
95.833847,170,2069.696311
-117.884977,58,2070.158724
-124.929457,54,2070.590559
-186.493604,407,2073.522477
84.696305,133,2074.464262
-86.990165,58,2074.903001
-118.15933,71,2075.443892
-51.653197,247,2077.850593
-130.227762,65,2078.383289
-170.040784,36,2078.671759
-146.285775,36,2078.958162
-128.753677,64,2079.477492
-147.359074,44,2079.837337
-166.531748,55,2080.258232
-138.540749,46,2080.616056
-231.149755,126,2081.587212
-141.171063,34,2081.854039
-123.391997,40,2082.158444
-132.558787,45,2082.49276
-110.757724,41,2082.813885
-118.292384,49,2083.187176
-120.764166,52,2083.555614
-241.72955,102,2084.33155
-22.375753,169,2085.68011
144.189406,117,2086.638134
157.483126,357,2089.338139
-35.481145,201,2090.906174
-139.320287,72,2091.471629
-136.737786,49,2091.870519
-124.034724,39,2092.166944
-294.825628,225,2093.927689
-112.103731,118,2094.858328
-244.645993,136,2096.040642
-184.189972,168,2097.374488
-117.066927,54,2097.841926
-139.004897,70,2098.410998
-10.73971,180,2099.874375
-494.748928,389,2103.258173
-122.923941,64,2103.853405
-120.552736,73,2104.517846
-79.736748,143,2105.80993
20.733597,161,2107.240642
-630.279271,358,2110.463371
220.078626,197,2112.234946
185.532426,144,2113.547068
-158.288959,230,2115.60134
-138.45227,106,2116.508718
-406.892403,345,2121.21854
-189.535564,49,2121.690655
-175.234295,26,2121.936731
-119.993674,73,2122.624841
-129.391842,51,2123.105742
-646.638081,373,2126.50614
-102.287635,49,2126.965905
-71.788658,216,2128.941327
-80.925712,243,2131.1353
-119.723019,72,2131.816309
-212.122362,131,2133.005859
-138.233696,199,2134.785689
17.30384,155,2136.197865
-132.761776,87,2136.954517
-129.807429,55,2137.450078
80.969776,185,2139.102788
-135.67927,189,2140.775775
-126.143011,41,2141.153509
-133.892915,151,2142.552292
-100.835165,171,2144.108593
-320.549285,408,2147.742848
-216.424643,92,2148.533848
-103.914737,51,2148.973795
-133.39691,49,2149.401506
-72.016253,150,2150.704527
-150.523653,163,2152.215934
-201.414549,64,2152.810942
-125.157854,52,2153.283095
-146.042738,73,2153.999567
-118.151461,71,2154.614914
-186.778803,365,2158.001755
82.049464,138,2159.237904
-906.937474,680,2165.130648
158.511222,110,2166.135069
-102.592026,18,2166.677256
-150.062914,43,2167.074419
-187.342681,35,2167.407151
650.607585,732,2174.033261
-152.801128,37,2174.382668
-152.286868,31,2174.672816
-162.450126,34,2174.98878
-156.185703,29,2175.241987
-146.036842,48,2175.703949
-152.028963,32,2176.010473
-112.981852,46,2176.457658
-127.330729,37,2176.791943
-84.057221,43,2177.221164
-153.643696,36,2177.543965
-200.130649,41,2177.940699
-153.78516,39,2178.305119
-109.827907,111,2179.340075
-106.01108,47,2179.758375
-111.840981,44,2180.160531
-119.433299,28,2180.444206
-106.225472,62,2180.997519
-135.593933,62,2181.561718
-206.609098,81,2182.291293
-107.011099,41,2182.664008
-137.148608,72,2183.321624
-110.523142,54,2183.808996
-139.684955,50,2184.252222
-104.750635,39,2184.616966
-121.274287,41,2184.996086
-140.487231,38,2185.353901
-205.803944,241,2187.469391
-180.027691,61,2188.022463
-139.977303,34,2188.324282
-145.206023,43,2188.706527
-104.240607,36,2189.038824
-127.959493,37,2189.408415
-113.838844,35,2189.727708
-141.721128,54,2190.224446
-115.653791,37,2190.553583
-91.406833,176,2192.159874
-138.238494,42,2192.569282
-214.062876,351,2195.776873
-147.389649,79,2196.486898
-153.457723,56,2196.993822
-127.099137,44,2197.370689
-113.854655,36,2197.692316
-134.445888,35,2198.008519
-166.193474,44,2198.386669
-119.504016,39,2198.733291
-130.116233,58,2199.247149
-149.704948,41,2199.623833
-137.104498,44,2199.99149
-129.381322,69,2200.592739
-773.744257,581,2205.910324
-134.955473,35,2206.242856
-103.956775,39,2206.602959
-119.097633,47,2207.001943
-112.344102,34,2207.277522
-140.154874,43,2207.615865
-142.113739,41,2207.954581
-99.262641,102,2208.819274
-112.199839,31,2209.103039
-153.153764,41,2209.451326
-118.526515,50,2209.912187
-107.390957,43,2210.299342
78.061418,122,2211.408151
-85.911429,53,2211.888206
-67.52703,13,2212.338392
-149.927266,68,2212.974115
-157.327151,43,2213.374826
-136.687396,44,2213.770906
-126.478697,40,2214.145728
-142.451194,41,2214.517012
-139.564255,57,2215.037223
-157.508656,37,2215.370914
-99.732281,60,2215.924976
-135.805512,96,2216.78854
-139.678308,46,2217.21323
-100.480064,54,2217.724019
-127.627665,45,2218.137795
-109.486613,62,2218.689018
-102.774939,62,2219.234042
-132.35952,53,2219.710946
-137.352428,75,2220.37443
-173.892282,299,2223.070639
-114.368351,53,2223.542308
-149.311417,46,2223.945799
-102.15546,77,2224.639704
-92.320374,48,2225.074811
-105.267193,55,2225.574801
-117.142395,76,2226.27465
-136.485962,41,2226.635811
-134.716369,50,2227.111379
-109.372723,64,2227.708408
-132.16792,56,2228.202147
-501.621405,209,2230.057469
-119.204792,64,2230.628615
-49.497189,190,2232.339081
-157.409967,236,2234.443432
-77.894403,157,2235.856211
-122.871139,57,2236.363856
-133.95464,227,2238.351335
-88.129524,60,2238.889422
-82.12579,62,2239.490761
-99.333225,63,2240.075141
44.348171,160,2241.508111
-89.267164,40,2241.876213
-116.247416,51,2242.351116
-94.984248,54,2242.825343
-134.782575,196,2244.616506
-21.456645,232,2246.702929
-123.114276,177,2248.307488
-986.611809,393,2251.846541
-124.199394,73,2252.50252
-90.31524,57,2253.00061
-403.336644,452,2256.850138
-34.911472,42,2261.631211
-139.548913,69,2262.324096
-146.98193,35,2262.67649
-731.671502,426,2266.456751
-21.535961,346,2269.541775
-132.538459,97,2270.428181
-339.31904,287,2272.991277
-143.237056,46,2273.391823
104.181004,93,2274.252505
-122.53291,52,2274.749582
-119.962123,85,2275.528145
-377.531198,282,2278.057508
-278.906481,374,2281.463759
-540.220363,441,2285.458406
-68.202625,124,2286.61667
0.098031,130,2287.769745
1.607686,45,2288.170453
-161.60923,119,2289.224951
20.278012,77,2289.940099
-4.076455,99,2290.827206
-30.364795,119,2291.941131
-762.077805,658,2297.886743
-147.075028,58,2298.427004
-240.156892,212,2300.305716
-151.977838,46,2300.719514
-135.56047,114,2301.767317
80.250136,109,2302.718551
-188.335828,234,2304.824149
-14.32791,152,2306.208075
2.264538,71,2307.190383
-220.024434,264,2309.591563
-93.824481,62,2310.157549
-131.515306,407,2313.794834
-81.030103,47,2314.208267
-107.605322,106,2315.171422
-65.097873,56,2315.704332
-88.774301,76,2316.37611
-167.926753,172,2317.913907
-97.948072,72,2318.575261
-36.275845,264,2320.991803
-123.733561,70,2321.641381
-1052.913414,546,2326.565345
-105.645682,79,2327.27144
-275.419927,255,2329.557495
-49.176385,52,2330.013814
-115.788795,52,2330.509524
35.29531,131,2331.696696
-111.69982,48,2332.109332
-20.477374,211,2334.017132
-111.729622,50,2334.454058
-419.265801,449,2338.46107
-86.650884,69,2339.060509
-94.972292,108,2340.010846
-207.720015,284,2342.594759
-138.5802,49,2343.039573
-178.938375,109,2344.038187
-114.650671,67,2344.603417
-126.325575,121,2345.591253
-117.315878,116,2346.569287
-109.461423,83,2347.314224
-45.586377,146,2348.630625
-106.476081,59,2349.151895
-66.072621,97,2350.02094
-92.046241,63,2350.599139
-47.593503,110,2351.56671
-36.677811,50,2355.160082
-102.412316,93,2355.987644
-96.262572,48,2356.416559
-18.522212,150,2357.752637
-96.706232,42,2358.133196
-114.669126,50,2358.555207
-110.336072,91,2359.378532
-129.413667,36,2359.700923
-100.333196,33,2359.981743
-411.776521,386,2363.400611
-94.347273,126,2364.495458
-126.341248,52,2364.956727
-147.971354,47,2365.361096
69.836266,97,2366.220123
-132.982382,48,2366.649821
-118.277949,34,2366.948056
-105.546204,33,2367.240967
-113.347507,58,2367.746424
-229.098961,158,2369.129437
-91.782719,38,2369.493917
-317.74317,221,2371.446257
-136.479101,40,2371.820452
-133.447625,35,2372.133589
-403.492998,363,2375.323353
-125.820857,67,2375.908811
-116.108107,46,2376.304899
-112.841766,130,2377.435074
-69.105229,47,2377.836461
-77.922093,105,2378.751189
-83.305553,70,2379.385756
-98.568858,39,2379.76613
-384.997632,330,2382.710554
-98.336148,31,2382.992102
-93.683944,35,2383.310706
-91.358209,86,2384.083322
-132.960479,76,2384.729549
-106.460124,181,2386.318013
-115.771986,155,2387.618976
-97.041726,37,2387.922658
-148.478462,149,2389.240847
-104.542108,73,2389.900687
-76.06388,53,2390.382048
-123.22803,54,2390.872235
-125.23259,35,2391.219149
-118.590053,33,2391.509734
-96.616126,56,2392.016771
-67.599637,130,2393.200531
-103.069401,35,2393.528791
-112.818407,35,2393.836005
-145.783987,50,2394.278128
-121.808175,53,2394.730793
-125.269282,38,2395.057616
-151.03254,37,2395.380093
-96.782395,45,2395.768075
-110.680816,36,2396.074037
24.517948,87,2396.837628
-75.382713,76,2397.491247
-128.3344,33,2397.780132
-128.857457,38,2398.123018
-114.734619,42,2398.485935
-102.044814,36,2398.814854
-91.626026,43,2399.216352
-51.447236,19,2399.802334
-85.176097,71,2400.506833
158.11969,246,2402.784028
-180.413649,117,2403.809066
-212.686331,62,2404.355589
-123.13,66,2404.928819
-358.656608,249,2407.097003
-310.730731,167,2408.558418
-209.578984,309,2411.369505
-151.610283,39,2411.754894
-131.540491,33,2412.059213
-167.037477,47,2412.46069
-163.6164,100,2413.385455
-162.315194,38,2413.719913
-172.636206,48,2414.141166
-145.786843,42,2414.509213
-452.120413,233,2416.53148
-155.160284,54,2416.97977
-162.4217,35,2417.288428
-142.444682,58,2417.794815
-867.167094,570,2422.860564
-68.541418,40,2423.215864
-113.730295,37,2423.575187
-178.238752,46,2423.97649
-144.336875,37,2424.304021
-138.826722,38,2424.642606
-88.924115,66,2425.22091
-53.898828,68,2425.810255
-96.82714,77,2426.472004
-352.935959,253,2428.636784
-95.788769,55,2429.124227
-132.534041,39,2429.4856
-117.416405,40,2429.87471
-151.277089,74,2430.490434
-106.358857,81,2431.19697
-84.950668,53,2431.692498
-123.590449,41,2432.05935
-130.040812,49,2432.51685
-128.99009,40,2432.885962
-125.088321,37,2433.236284
-70.703758,227,2435.195931
-133.699211,38,2435.52795
-145.454334,40,2435.891984
-119.964146,97,2436.733283
-143.146014,38,2437.079918
-135.807924,42,2437.442131
-97.971066,77,2438.111119
-60.475938,372,2441.486771
-131.832009,37,2441.817729
-82.583978,37,2442.144153
-126.039379,71,2442.793422
-127.308614,46,2443.203297
-107.928674,39,2443.559591
-111.813337,35,2443.873533
