#{"t_start": 1768398537.5001783, "env_id": "None"}
r,l,t
94.293741,57,1.091009
-352.253083,104,2.47813
-12.507278,42,2.976636
141.757528,54,3.582606
80.513842,84,4.50936
-81.647858,56,5.113305
-94.057957,50,5.642079
15.845075,43,6.093878
-2.921156,37,6.475489
3.266527,59,7.109119
-79.331653,51,7.63697
48.017934,88,8.593233
-51.710831,46,9.12888
-49.737384,42,9.614943
57.238795,44,10.122773
181.831253,55,10.759799
-59.112764,92,11.851406
76.723233,39,12.296652
86.245046,67,13.078999
51.035762,39,13.5327
-569.816625,176,15.665855
126.522198,64,16.383745
23.123758,40,16.830075
37.945515,46,17.353401
48.187268,65,18.099505
106.140937,55,18.731756
66.14533,47,19.254957
291.302539,71,20.06757
6.848332,37,20.499432
101.822241,35,20.912826
-164.446389,35,21.324811
99.323327,48,21.883568
49.672064,34,22.280502
86.806285,52,22.896957
96.91377,36,23.324442
47.131507,42,23.812231
-67.572967,28,24.136061
222.988167,86,25.124621
97.10638,54,25.722157
33.445976,51,26.291502
48.179546,50,26.874952
-66.801234,60,27.585393
-19.843174,59,28.247505
56.097454,40,28.696083
50.569673,45,29.216836
10.890411,90,30.291354
-11.406489,33,30.669616
108.310718,41,31.139878
-610.941771,96,32.301763
103.286102,53,32.909833
158.076073,42,33.377096
-181.73054,52,33.972628
59.187739,31,34.322675
53.821518,46,34.847855
-43.938202,53,35.448787
40.097613,55,36.065723
155.300819,61,36.765065
30.623,58,37.432893
86.66422,52,38.020778
-7.951527,100,39.184819
81.988855,42,39.68003
-67.29031,42,40.180618
-185.335564,59,40.874999
153.617436,59,41.554693
156.370814,90,42.621336
133.886017,62,43.32685
57.426356,54,43.926464
211.563536,116,45.215068
126.777231,112,46.483067
-13.976512,70,47.271467
112.87646,46,47.779246
92.079384,43,48.252429
-19.622185,372,52.651891
152.367171,90,53.678307
167.79713,115,54.987188
-14.175413,44,55.493371
-20.735667,107,56.770419
193.168073,69,57.573617
111.606673,39,58.031162
247.594375,93,59.131846
267.049968,92,60.235106
31.953439,49,60.818105
-2.796753,93,61.899483
314.057499,89,62.903054
103.64493,41,63.375973
160.425278,48,63.941679
-76.853041,82,64.859963
-84.472999,59,65.536919
270.331898,207,67.951379
-1.599586,45,68.465773
-38.643158,120,69.855214
364.031169,125,71.314402
197.208719,51,71.921468
115.260981,37,72.364515
-161.992438,58,73.027172
119.144551,48,73.576453
111.384164,46,74.094241
181.540797,60,74.782077
44.186857,54,75.392671
14.26638,60,76.08313
-413.030724,135,77.67983
-39.805187,57,78.34737
88.519256,32,78.74141
330.419993,125,80.254081
-100.705368,91,81.341234
71.987146,52,82.240385
154.411966,84,83.910069
270.852535,89,85.732416
275.900253,73,87.230498
138.796461,47,88.183609
158.25745,129,90.841441
340.990141,110,92.995087
225.857354,78,94.634114
398.382058,173,98.042918
259.561745,90,99.852314
189.969139,56,100.973452
195.244936,61,102.220441
313.298362,143,105.089232
227.517022,98,107.036873
179.979324,71,108.44219
-40.604207,64,109.76197
106.847223,35,110.448186
103.451744,35,111.171786
228.324693,87,112.986741
87.483325,75,114.525785
129.88879,42,115.343733
286.29407,114,117.620275
274.197516,109,119.800181
194.81094,102,121.903425
177.385773,123,124.39428
328.169146,94,126.2699
23.986675,118,128.636879
327.213517,76,130.186728
387.276764,106,132.284765
138.53787,43,133.122489
165.225253,59,134.275513
200.487633,48,135.25386
193.81662,102,137.377934
376.84088,130,139.979899
211.699092,80,141.569891
-1.166259,9,143.98673
-49.226614,61,145.212468
45.566085,62,146.434366
-73.407966,51,147.445539
-36.881461,70,148.839095
-36.468973,73,150.284312
145.396623,79,151.819181
108.033909,59,152.967573
74.381152,63,154.216389
-23.332763,173,157.684882
173.754391,62,158.895396
11.513426,97,160.828588
104.130234,53,161.888323
21.484938,34,162.546659
67.426542,41,163.351702
166.190771,103,165.401453
185.015161,78,166.929769
152.853961,58,168.073797
130.236755,176,171.589994
-372.872856,102,173.590154
187.347643,61,174.803391
91.376526,385,182.423365
140.053696,155,185.523324
245.204928,216,189.827537
396.131415,104,191.864298
22.743705,137,194.673834
177.3103,143,197.48661
209.478286,136,200.19932
267.992996,123,202.620282
-13.704275,98,204.532933
357.993949,126,207.003168
649.628783,184,210.655028
366.79291,115,212.960961
440.434183,192,216.74835
369.136518,93,218.570377
349.289476,153,221.596495
201.885775,77,223.134778
435.157407,185,226.886311
202.990415,58,227.840101
371.469698,210,229.960224
418.52824,117,231.12261
388.81689,126,232.335791
509.676608,150,233.781492
11.797815,70,234.50816
-34.808424,102,235.615907
425.37755,178,237.61846
299.199479,108,238.826699
315.812411,119,240.204961
-188.520695,127,241.589095
208.26672,297,244.925463
-40.354061,60,245.600382
150.970791,126,247.034868
235.70123,150,248.744104
546.691945,202,251.093883
81.153051,163,252.967977
473.508302,123,254.333654
371.400884,124,255.712862
-221.424344,225,258.224552
563.409008,323,261.876575
268.370753,84,262.797618
69.218505,57,263.422652
303.011341,80,264.272893
302.649589,157,265.812475
262.259783,72,266.51211
162.100829,110,267.57984
233.162527,105,268.592565
628.993115,300,271.513355
491.736384,134,272.805404
1216.659359,445,277.156894
429.539828,181,278.962543
220.140235,337,282.274498
499.237214,375,285.921377
524.137729,227,291.02969
-153.9858,86,291.899594
535.315211,1897,310.895421
880.128778,270,313.557837
803.850767,732,320.832093
338.718264,110,321.903341
208.551876,72,322.607788
418.684733,361,326.081851
772.557675,392,329.866966
349.27583,92,330.75753
650.434239,180,332.504642
775.163277,214,334.557942
244.783068,123,335.746901
-209.476511,170,337.401468
196.140843,124,338.605434
189.730583,62,339.204858
-1162.620052,435,343.425453
520.175277,179,345.151198
172.818099,328,348.315888
577.438553,285,351.051979
1667.98791,436,355.540347
984.902346,522,361.704672
1802.011628,437,368.508188
978.030337,227,372.987447
469.664604,101,374.98167
870.301901,287,380.736728
1299.128129,295,386.610765
2396.363972,649,399.77684
1433.333906,415,408.268368
-1017.567127,188,412.22178
829.581085,166,415.481633
349.476536,71,416.854793
-72.206799,77,418.495287
23.7826,17,424.508029
-1038.126561,168,427.902015
-257.95828,158,431.014801
270.725,96,432.901946
266.705918,60,434.066134
716.424587,232,438.665849
1614.080589,389,446.476677
327.447051,102,448.532531
230.622392,69,450.006146
604.680611,146,453.19668
2209.00139,634,466.578413
285.014294,120,468.9967
2265.890447,541,479.812855
110.280512,86,481.512183
209.063419,332,488.178929
381.47893,83,489.831029
1882.329455,571,501.278674
482.712612,103,503.303748
1747.677803,548,514.09867
260.438661,132,516.698972
2268.157785,515,526.85351
660.141498,211,531.010901
301.83356,120,533.348455
1099.94416,287,538.996395
1158.858333,256,544.005049
265.306083,108,546.107416
2283.853471,588,557.781811
893.595557,216,562.097276
685.022703,135,564.779273
506.216164,142,567.593484
2129.461229,473,577.08518
871.905382,191,580.90378
2356.112084,559,591.991637
744.841969,253,596.990467
2124.339019,580,608.684937
942.925957,348,615.632515
1859.148864,448,631.959764
-880.95991,119,634.456902
38.774543,33,635.133856
28.159015,77,636.717678
1543.66341,376,644.396438
1746.483837,385,652.211232
2709.197817,702,666.38113
478.142753,213,670.651602
2575.261772,496,680.539068
1441.345079,555,691.588427
-414.906561,311,697.78464
2723.708315,568,709.162268
1823.005724,398,717.087969
1510.627675,805,733.631745
2303.996078,498,743.909584
1703.736045,436,753.166656
2580.177713,511,763.629665
1573.300375,340,770.486154
394.334731,161,773.75775
535.585273,271,779.195746
2424.854728,462,788.476752
2576.985108,424,797.093101
157.713579,49,798.047279
-298.983719,146,800.982925
235.468359,65,802.267104
2631.584104,572,813.890233
2332.586253,528,824.841596
1231.539916,391,833.215157
319.562953,108,849.163138
-117.99636,79,850.719676
284.305758,122,853.324803
125.521219,94,855.353393
186.372208,47,856.392593
360.192191,126,859.135866
163.517992,79,860.758036
-4628.775967,667,875.095579
1220.617821,276,880.933
2751.455719,477,890.92167
113.980797,157,894.098651
-180.825267,211,898.432846
2198.699209,462,907.960049
2510.456172,521,918.915195
2625.324062,518,927.392339
2331.71474,484,937.756711
2709.096684,486,947.650592
1395.331867,379,955.663848
58.123496,149,958.804644
923.880508,198,962.862167
1495.879649,561,975.853234
-756.031991,186,980.075794
2544.724714,503,990.872589
2411.971683,445,1000.086009
2566.561884,508,1010.321598
2580.811772,477,1019.750726
736.837868,211,1023.947147
2464.9783,500,1033.834825
2108.936367,467,1043.292072
2618.585563,435,1052.163954
-297.440108,175,1064.293263
36.827565,34,1065.057924
50.288262,26,1065.57743
45.23377,80,1067.199045
-165.929065,103,1069.308624
461.739273,133,1071.957903
2522.509888,425,1080.381088
1917.24988,399,1088.291617
2112.121679,439,1096.991699
501.412746,139,1099.714057
-833.898213,265,1105.020661
2107.443473,441,1113.788233
2045.757573,459,1122.85256
2687.268851,474,1132.235214
41.063393,186,1135.896411
2231.384064,478,1145.403295
2640.382078,425,1153.921707
2337.596998,419,1162.186153
2526.635947,394,1170.010787
2552.985676,410,1178.112791
1146.749367,214,1182.319113
2364.626976,513,1192.49065
732.017852,259,1197.594433
2493.302619,434,1206.209132
2290.33044,428,1214.653491
2308.00779,438,1223.390041
2354.267956,491,1233.067307
2352.018783,385,1240.589713
2276.501539,437,1249.157992
2419.247276,445,1258.238122
1469.226127,227,1268.582633
-131.019291,77,1270.075964
-150.659233,130,1272.608192
68.081264,55,1273.669799
2144.412113,525,1284.657106
560.412716,201,1288.704892
1793.822231,380,1296.627611
2407.298802,455,1305.841914
2649.172621,398,1313.989304
2479.690445,441,1323.011724
975.170791,255,1328.084892
2541.764741,416,1336.452952
2357.618114,446,1345.384321
1055.097608,248,1350.345065
1844.629088,505,1360.451491
1043.780376,253,1365.492295
2662.355232,412,1373.786111
1828.500124,388,1381.495417
2675.891886,425,1389.998191
2603.813069,417,1398.450988
2419.222861,395,1406.20282
2633.055288,424,1414.610785
2503.40526,391,1422.397315
2437.65989,455,1431.454736
341.10636,94,1433.291298
246.045781,205,1437.293708
2480.726323,441,1445.993392
1579.820301,362,1453.109594
2270.613029,440,1461.780284
1031.395271,269,1467.252724
107.334598,92,1469.046428
2.576474,5,1477.380122
-199.251288,107,1479.570525
2467.21637,474,1489.497106
447.226766,199,1493.578511
2375.667919,413,1502.030648
2597.15896,396,1510.034902
2371.604429,446,1519.043051
303.458767,68,1520.428377
2073.200241,497,1530.516487
2526.242754,440,1539.500352
2583.431621,514,1549.855978
2759.40513,469,1559.379654
2513.280406,401,1567.485153
2405.905761,407,1575.818093
2797.473507,558,1587.136695
2555.568824,421,1595.611751
2607.125047,433,1604.316232
508.262026,264,1609.592422
2546.641856,398,1617.645181
639.07678,197,1621.655058
2102.911511,400,1629.812456
-337.616968,194,1633.708686
2241.162494,388,1641.593719
2544.922665,405,1649.81167
2390.006893,424,1658.418584
2626.925723,415,1666.816857
2529.775338,423,1675.320009
1387.10806,249,1690.625644
38.266503,71,1692.038446
2115.612266,607,1704.032972
2665.781994,409,1712.081866
2255.405776,388,1719.823454
2568.405089,444,1728.827555
2589.787282,379,1736.514872
2630.746241,423,1745.16961
2373.846798,388,1752.84204
-191.066259,251,1757.823531
2660.023103,406,1765.863271
391.755989,313,1772.039959
2523.958904,388,1779.680608
2453.005589,386,1787.336449
2645.464875,415,1795.480712
2646.504346,407,1803.591225
-93.538508,214,1807.805728
2057.731515,441,1816.785704
2554.438727,391,1824.873463
2573.779623,415,1833.434952
2398.658694,403,1841.435848
2400.159789,384,1849.047438
2388.935274,667,1862.183727
2575.657875,388,1869.944317
2661.327881,420,1878.348902
2237.161692,431,1887.046554
1149.221704,171,1900.956352
-308.398378,68,1902.26339
-203.011132,168,1905.765531
2608.394015,375,1913.321372
2137.050268,381,1920.97352
2445.485017,435,1929.606529
402.400183,84,1931.23283
2506.692945,391,1939.038376
2026.799942,384,1946.634646
2254.24407,394,1954.495643
2342.423459,384,1962.406338
2288.470392,431,1970.939623
2377.265906,423,1979.242252
1448.12271,219,1983.527797
2539.211956,423,1992.020609
338.78265,87,1993.826709
2442.47799,400,2001.659122
2246.576823,393,2009.399402
2294.865315,379,2016.918383
2213.843996,390,2024.642352
2427.191575,397,2032.46498
2552.486898,377,2039.999233
387.692676,80,2041.565163
1456.244045,253,2046.624716
2459.120344,387,2054.686239
390.227357,162,2057.976458
2418.641574,392,2065.998335
2695.816617,396,2072.776573
2484.742815,436,2077.160842
2278.662093,454,2082.097962
127.851539,109,2083.177913
523.768247,105,2084.254935
576.951173,135,2085.629847
701.172302,108,2089.781321
-70.156635,35,2090.195554
-149.33991,143,2091.894855
2455.411156,422,2096.560955
2546.272585,444,2101.55677
2712.365087,421,2106.310847
2591.073656,411,2110.655813
337.040674,99,2111.698726
647.850223,118,2112.923514
2177.943859,510,2117.95928
2336.455759,419,2122.280211
420.907073,95,2123.231902
176.904985,141,2124.627755
541.010962,179,2126.438226
512.091694,103,2127.536904
512.50581,113,2128.873417
2477.206383,438,2133.443107
2540.550887,387,2137.619925
2384.173474,370,2141.650123
2739.287741,456,2146.521352
693.173754,131,2147.946792
1069.826588,200,2150.014324
1015.262378,179,2152.062928
2464.512309,466,2157.591573
796.187683,132,2159.153384
936.660294,206,2161.565126
2423.369859,399,2166.50486
2393.016095,435,2171.71151
2434.427089,398,2176.535971
2617.303083,406,2181.497638
2307.143853,406,2186.30242
825.958748,237,2188.936273
1063.642819,239,2191.566803
1086.703996,536,2197.775582
1027.930584,212,2200.127113
615.024204,114,2206.630485
205.972767,76,2207.539007
1879.93567,868,2217.37375
2254.36174,494,2222.99562
735.675231,168,2224.891725
690.002012,166,2226.735075
2635.583427,435,2231.678182
2419.308187,368,2236.052542
2363.232789,395,2242.797251
906.582837,186,2246.311747
172.761051,499,2255.847445
2477.730793,688,2268.95008
1258.0555,302,2274.658045
2604.357824,368,2281.62586
2365.580164,388,2288.984471
1308.182871,302,2294.706922
2572.186987,412,2302.509045
2454.584561,394,2309.889317
1611.853321,292,2315.378527
2463.10306,431,2323.499132
2609.138847,393,2330.882176
1597.50933,272,2335.97724
2444.18002,422,2343.895542
2675.327993,363,2350.84661
2415.384185,443,2359.172526
1638.910168,339,2365.536165
1861.740042,328,2371.68625
1361.304274,208,2384.780478
107.677674,57,2385.883764
2422.843258,379,2393.580803
716.781427,239,2398.311071
2639.207857,391,2405.815881
2132.283541,406,2413.583635
2560.852302,379,2420.853917
2496.157604,377,2428.054919
2370.738599,361,2434.961982
2484.978159,360,2441.840189
2589.823689,397,2449.404935
2659.039421,370,2456.482542
2535.628436,433,2464.931864
2504.86716,386,2472.521513
12.233687,119,2474.778391
2712.661093,389,2482.218953
2571.076373,361,2489.21627
2458.236186,370,2496.280655
2498.213912,424,2504.358865
2449.79016,377,2511.513148
2560.613496,368,2518.533696
2296.021737,366,2525.503586
2514.6154,365,2532.472697
2568.62976,395,2539.993423
2677.711684,372,2547.131918
2591.849674,384,2554.414328
2408.260669,383,2561.70181
2548.572568,342,2568.18581
2639.838034,387,2575.546968
411.326621,63,2585.397076
-425.602954,104,2587.391404
89.404876,189,2590.990649
150.15225,79,2592.605121
1606.506321,263,2597.59161
2402.921688,422,2605.621377
2541.953955,430,2613.757109
2667.289903,406,2621.830457
2491.676311,381,2626.348303
2391.331511,387,2630.096678
2568.273224,377,2634.134105
2644.26493,388,2638.550469
2669.532768,374,2642.860195
2668.874791,405,2647.349677
2631.989306,383,2651.620465
2613.992072,370,2655.796686
2413.625682,394,2660.166372
2461.938954,389,2664.616302
2600.090486,446,2671.669336
2511.928389,426,2680.363671
2697.285792,384,2687.861147
1887.495472,308,2693.885465
2534.891189,424,2702.228581
2444.696018,371,2709.493285
2591.772761,393,2717.219882
2710.876943,371,2724.615913
2655.025457,379,2732.346846
2497.084451,385,2740.015035
2033.950701,372,2757.259261
165.280452,252,2759.923425
-249.302914,84,2760.807031
-576.962078,215,2763.090461
-695.055811,248,2766.011236
108.855676,133,2767.418854
434.691679,118,2768.646409
941.066006,224,2770.926773
2472.565077,451,2776.762815
2448.474899,464,2786.95564
2651.273441,388,2794.736161
2112.885232,447,2803.608006
2381.975508,354,2810.782259
2581.111403,404,2819.016186
2673.418978,396,2827.246422
2715.211017,382,2835.212188
2929.24858,478,2845.295362
2629.831336,410,2853.528438
845.922089,208,2857.583629
778.592575,148,2860.509741
-102.839587,444,2869.957068
2337.15347,449,2879.634753
2387.45958,357,2887.329029
2589.794552,387,2895.489209
2716.905792,385,2903.429904
833.483227,213,2908.014514
2420.865413,358,2915.082849
2127.264364,455,2924.376732
2661.096013,381,2932.20814
2507.653324,366,2939.920636
2660.166141,380,2950.313364
65.288381,21,2961.449165
-262.884172,103,2963.954803
2611.405329,389,2973.426525
2673.098874,401,2982.255219
162.015525,63,2983.462104
2668.6315,510,2993.57444
2501.191088,407,3001.67622
2552.965634,398,3009.429005
2124.594536,372,3014.061196
2561.087514,434,3018.835384
2658.048657,374,3023.142357
2798.439014,392,3027.66319
2600.114067,371,3032.01076
2534.60283,373,3036.222351
183.353585,68,3036.991645
2565.273983,364,3041.253881
2607.539519,348,3045.276423
2660.536567,381,3049.622225
2471.779983,367,3053.82308
2567.220434,377,3058.108305
2437.815105,398,3062.491288
2281.758063,358,3066.45374
2485.041625,384,3070.777164
2480.962139,401,3075.075781
1584.835352,499,3080.535189
2557.714561,398,3084.790367
2173.970673,475,3089.783958
2197.837933,370,3093.725753
1427.51897,225,3101.422665
2578.329553,508,3106.571379
2800.826527,484,3111.289272
2531.414333,397,3115.233479
2456.979596,374,3119.17007
2516.147457,462,3123.985672
1974.49954,438,3128.5737
3135.057075,522,3133.861043
2693.582708,416,3138.092826
2322.776859,390,3142.06803
1885.119743,508,3147.094383
2507.746559,377,3150.721476
2631.472287,386,3154.547155
2722.864282,460,3159.323413
2636.314292,376,3162.980044
2428.954728,410,3167.42077
2714.642703,390,3171.552864
2615.348801,347,3177.224621
8.508257,122,3179.610084
2443.522846,351,3185.240461
266.370279,233,3187.692138
2450.670208,375,3191.380763
2746.865904,413,3195.634386
2547.973342,400,3199.793098
2643.861555,461,3204.255762
2577.659705,332,3207.435452
251.239526,68,3212.331393
5.279158,109,3213.516638
-280.408666,211,3215.569845
2646.306178,546,3221.110729
363.151069,560,3228.173558
2730.944983,386,3235.943186
2469.159653,382,3243.529668
2741.845623,386,3251.031839
2629.352994,384,3257.004059
2665.133115,381,3261.337844
1835.057217,314,3264.931599
2484.513699,371,3268.994651
2488.978729,337,3272.582372
2576.563389,400,3277.003248
2452.294349,413,3281.600073
2405.991476,412,3286.939059
2638.00595,365,3294.470016
2561.568211,355,3301.929991
2654.52831,376,3309.891382
2639.923013,397,3318.350508
2551.208388,353,3325.864308
2780.867003,382,3334.044329
2243.594062,401,3342.679474
2331.466127,462,3352.299936
2554.786125,369,3360.331806
2377.35791,404,3368.911018
2515.543208,469,3378.921709
469.659534,75,3388.247132
-365.50042,126,3390.965951
2166.005026,405,3398.773576
2620.320714,412,3406.664648
112.706501,94,3408.442495
2585.764006,395,3415.884742
382.484645,103,3417.791395
-78.279503,342,3424.37856
2412.538833,360,3431.34041
2615.289118,394,3438.778633
2606.271792,384,3445.992433
2511.186907,371,3453.125138
2600.585402,418,3461.101774
270.95508,105,3463.065559
2584.070682,393,3470.470182
2231.938735,395,3477.984788
2272.690125,570,3488.677928
2258.337532,420,3496.577408
2453.024037,375,3502.946984
2069.527639,384,3506.683787
2332.490811,328,3509.958314
2666.448626,428,3514.362024
2497.61182,375,3517.964626
2575.949793,371,3521.800421
2343.342649,369,3525.462353
2285.66347,395,3529.58426
2610.437286,378,3533.586795
2605.292231,346,3536.880821
317.215093,108,3537.944538
2579.355163,377,3546.16101
472.76418,79,3558.770022
320.932751,172,3562.878759
169.829643,181,3565.203281
2673.036811,497,3570.132418
2567.268644,390,3573.857895
948.304924,274,3576.628798
2556.603176,358,3581.210916
518.492289,240,3586.13566
2383.479126,363,3593.236623
2379.137289,376,3600.651379
2365.971023,379,3608.133234
2576.016117,383,3615.580603
2426.049778,372,3622.83799
611.440462,187,3626.44898
657.727005,207,3630.572562
2564.478609,365,3637.667238
2267.031299,360,3644.769125
2370.019527,374,3652.129054
2379.015766,360,3659.081602
2189.383205,384,3666.582588
2641.266762,382,3673.997133
2583.98687,429,3682.410283
773.909885,323,3688.656855
2442.346995,382,3696.086519
2218.880901,390,3703.686663
2254.068488,383,3711.609267
1118.538947,772,3726.607004
-367.543982,101,3729.638272
2455.697876,357,3741.932932
1031.272467,247,3745.788053
23.275731,12,3750.280285
-662.792974,144,3751.939075
2425.867361,436,3756.934106
257.613716,193,3759.185612
58.064903,81,3760.094723
198.109795,369,3764.322277
496.979772,274,3767.475413
542.340941,114,3768.859074
497.882523,118,3770.232038
2319.80797,391,3774.628512
747.885464,157,3776.389346
685.10617,184,3778.455851
2598.369589,386,3782.655697
2424.615274,428,3787.578245
2488.878912,360,3791.557119
2505.057586,378,3800.866027
2381.313599,340,3809.199944
2394.401821,371,3816.966953
2515.679323,390,3821.495864
2782.527886,487,3827.226608
2608.61335,363,3831.493286
960.582305,184,3833.641058
936.465264,138,3835.252927
2864.201056,403,3840.059967
965.211219,141,3841.684525
2431.108268,392,3846.482258
2418.060351,334,3851.714805
2291.700163,433,3862.572674
2036.059736,411,3873.007205
2452.271766,335,3880.099324
2201.739413,373,3884.686685
875.842538,163,3886.79337
2317.845872,390,3891.821769
984.912571,182,3894.225559
1088.061046,157,3900.525794
2334.987383,596,3908.028523
96.989173,47,3908.652434
-38.032503,156,3910.495979
-600.161942,445,3915.750836
2488.025025,361,3920.007473
2335.123927,445,3925.422277
2298.323778,375,3929.686368
2528.635663,383,3934.107972
2316.352842,384,3938.509076
2561.058886,371,3942.70111
2682.978914,373,3946.91025
302.879417,82,3947.873492
2624.911227,358,3951.851719
2772.958169,390,3956.799087
2221.276523,383,3962.323357
2536.495499,428,3968.141322
2322.811378,361,3973.24466
2203.354171,382,3978.347921
14.762726,68,3979.272447
2484.817561,426,3985.28146
549.939886,103,3986.726608
2559.530627,331,3991.157001
2542.84687,373,3995.815373
2615.102867,359,4000.641088
2284.80463,379,4005.377854
2563.25599,355,4009.986528
2695.798298,416,4015.545658
1796.597747,380,4020.526752
2487.190873,376,4025.177922
692.692161,114,4031.290021
-2459.872203,2662,4062.135726
2634.988985,350,4065.866917
2450.803819,324,4069.258486
2585.607733,388,4073.302376
2260.276981,314,4077.103602
2464.866678,331,4081.594768
2584.689181,338,4085.828688
2466.069855,336,4090.183163
2608.956558,334,4094.639157
2438.472129,345,4098.921062
2448.907453,348,4103.642135
2313.694496,416,4109.145069
2540.750609,372,4114.051839
2488.202131,393,4119.117058
1043.161795,199,4121.832645
2377.817889,419,4127.245939
2654.224406,652,4135.744567
2329.179443,359,4140.353904
2369.037005,441,4145.404751
2384.526881,343,4149.734552
2350.364756,336,4158.856186
44.17202,117,4160.490549
-304.280353,153,4162.490138
1438.138768,267,4165.438466
2439.119049,425,4169.949588
2464.809733,423,4174.419598
289.599453,136,4175.8585
2439.034406,348,4179.546344
267.906059,120,4180.820443
2554.912686,505,4186.269763
2435.334182,348,4190.005655
2471.731541,385,4194.189766
2554.257992,350,4197.866194
2439.519875,401,4202.143482
945.206567,151,4203.734557
2477.248904,338,4207.390577
2543.595225,372,4211.377504
2601.165265,350,4215.125449
2524.863753,391,4219.366346
2415.98033,367,4223.366064
2502.903144,372,4227.332098
2670.989906,368,4231.499043
2504.172627,319,4235.269268
2701.181075,409,4239.942418
2476.681312,335,4243.847958
2562.008731,336,4247.851912
1116.62482,187,4250.067277
2534.161139,323,4253.850635
707.711824,118,4255.173781
2383.52013,333,4258.891013
2506.555602,383,4263.227705
2363.38059,340,4267.221165
1590.525939,230,4274.893852
2912.85606,577,4281.494308
2562.752485,387,4285.791904
2692.304255,480,4291.056181
2666.244029,366,4295.057404
2488.8604,377,4299.168081
2327.379136,480,4304.430526
1996.94677,425,4309.029848
2428.313842,362,4312.951964
2470.556224,366,4317.497201
2288.509334,354,4322.45882
2578.804694,355,4327.19634
2516.776181,366,4332.118713
2588.352969,337,4336.679814
2317.275665,352,4341.222078
2310.804786,367,4346.184228
2528.748718,370,4351.324543
2295.080746,366,4356.235169
2201.570573,362,4361.070992
2693.681388,401,4366.599579
2434.815826,340,4371.044056
2316.779514,401,4376.480224
2623.031552,347,4381.296604
2479.178425,329,4385.520301
2583.307015,341,4390.030276
2435.780051,355,4394.572043
2328.080995,420,4400.066745
52.121459,17,4415.573207
35.202999,50,4416.168146
2415.529171,401,4420.526659
2385.491756,565,4426.768718
89.740766,227,4429.243163
2344.444832,320,4432.902685
2621.938539,353,4437.481817
2475.0297,348,4442.023967
2583.709898,590,4449.499159
2379.98315,314,4453.734424
2380.176228,381,4458.537865
2361.837543,389,4462.91591
2211.373996,332,4466.811437
2512.984813,421,4471.997366
2456.265433,387,4476.894577
2477.997688,327,4481.139324
2456.557998,368,4485.93879
2414.314829,351,4490.863955
2175.711357,333,4494.998394
2265.205067,373,4498.996578
2236.879329,379,4503.088471
2516.020487,344,4506.808915
2485.167243,361,4510.673191
2632.658347,358,4514.539817
2518.767354,384,4518.660895
2486.740404,372,4522.68627
2367.486785,364,4526.59346
2301.14864,377,4530.612384
672.565823,231,4537.981917
-92.098377,90,4539.004921
2112.462303,439,4543.777003
237.003059,66,4544.490423
402.245912,108,4545.671819
356.473196,89,4546.668205
372.592154,211,4548.943016
240.668025,128,4550.31791
214.954734,155,4551.987553
470.626157,116,4553.234697
2398.353879,344,4556.984736
591.018532,168,4558.78721
745.081313,153,4560.4321
2537.236933,352,4564.373908
716.413398,129,4565.793216
2575.473512,351,4569.567065
2492.052211,392,4573.812934
802.055792,246,4576.467468
2183.908467,398,4580.722447
1142.893639,188,4582.740128
1059.011816,239,4585.319077
1052.614007,213,4587.635831
2403.056167,338,4591.343804
2559.38718,341,4595.07938
2540.73787,325,4598.608711
2504.942652,407,4603.002787
2382.141376,375,4607.013759
2599.611246,358,4610.828889
2518.293671,317,4614.227012
2337.698483,388,4618.403133
945.36206,250,4621.088593
2625.528365,360,4624.98345
2667.452729,355,4628.734594
2587.444977,335,4632.346782
2086.045917,362,4636.204612
2404.467265,343,4639.838408
2367.15353,348,4643.597261
1606.131613,223,4650.037525
97.4358,54,4650.690422
-34.666225,74,4651.503695
265.37461,80,4652.368677
2503.339884,402,4656.732386
-17.950818,99,4657.785203
2440.025728,356,4661.624565
2436.923696,516,4667.411402
189.26985,114,4668.606814
2482.932035,342,4672.248791
2479.947065,336,4676.184507
2187.411696,372,4681.191399
544.032334,134,4683.109537
2059.250208,381,4688.385488
2278.268228,322,4692.728641
2292.339796,366,4697.919615
2376.534979,357,4702.578159
2433.292573,369,4707.577399
2535.212775,324,4712.022124
2526.037938,358,4716.803571
2558.664726,364,4721.454094
2425.035267,366,4726.462819
2778.000851,405,4731.587725
2586.157204,354,4736.183691
2264.767945,389,4741.300641
2532.764609,339,4745.751551
2335.484768,351,4750.127689
2300.228748,347,4754.826183
2429.162768,351,4759.253733
593.059985,118,4760.704578
2475.403998,379,4765.282215
2483.982668,386,4769.35853
2505.018413,330,4772.814235
939.275102,165,4779.422456
-7.701941,76,4780.296197
2681.588314,405,4784.513499
2781.900867,425,4788.981072
2399.932505,371,4792.900785
2445.194369,331,4797.037925
2262.855011,491,4803.262012
2608.817399,392,4808.503292
2436.507973,351,4812.889629
2230.826158,330,4817.259044
1993.409111,429,4822.768894
2687.990074,373,4827.532703
2504.057199,342,4831.77836
2456.27104,394,4837.151255
2606.3786,346,4841.518355
2366.273111,360,4846.294998
2290.297001,363,4851.114558
1720.770628,378,4855.806062
2417.813251,361,4860.123619
2775.695451,383,4864.775294
2162.902376,374,4869.32814
2608.947934,376,4873.773352
2529.712729,337,4878.007816
2366.342286,324,4881.818536
2377.169831,404,4886.485454
2546.952898,333,4889.994763
2384.617107,341,4893.610156
-237.378476,66,4894.318952
2501.427963,375,4898.291723
917.826622,169,4904.356325
24.196517,55,4905.0018
-322.067514,48,4905.482824
2684.783279,441,4910.130867
2511.263759,378,4914.119216
2604.986659,367,4918.016416
2514.037942,345,4921.624346
2477.988948,326,4925.121945
2499.147813,378,4929.100079
2473.330245,346,4932.700164
2593.880966,356,4936.462938
2550.588106,321,4939.825642
2568.240106,348,4943.464202
2400.821161,312,4946.737969
2699.439238,382,4950.78282
2615.218638,372,4954.703969
2378.860498,360,4958.495513
2350.324486,338,4962.069705
2539.060035,335,4965.617477
2393.79119,316,4968.93742
2485.420448,318,4972.287168
2316.749861,310,4975.577346
2269.206101,327,4979.0212
2434.266329,347,4982.702013
2424.175058,334,4986.257733
2585.493678,330,4989.721182
2366.192956,367,4993.560707
2405.564549,352,4997.260217
2500.458698,393,5001.478066
2417.535249,373,5005.394943
2605.401698,354,5009.146136
506.189565,71,5012.229057
332.998729,144,5013.763712
2564.770623,405,5018.159596
2173.320162,499,5023.568351
2209.847548,396,5027.75671
2227.731238,465,5032.694004
2355.835618,359,5037.197431
531.443395,97,5038.44843
2661.117644,563,5045.86093
2054.76176,691,5054.795475
2362.464798,361,5059.583557
2333.222585,401,5064.676578
2209.573163,379,5069.619742
2256.444042,392,5074.668919
2408.532291,371,5079.498765
2321.260659,314,5083.331913
2330.442352,321,5087.477701
2272.323211,322,5091.669302
2492.830814,335,5095.911877
2547.148758,578,5103.247023
2262.136303,341,5107.711361
2423.544422,389,5112.542315
2355.915783,353,5117.028059
2326.444613,397,5122.120848
2254.060842,331,5125.810961
2338.033637,325,5129.109118
2085.365298,398,5133.295689
358.971308,73,5138.912858
2047.933563,717,5146.438281
414.160283,116,5147.645828
2405.625156,374,5151.497406
2473.340188,372,5155.596618
205.861417,296,5159.511493
2535.26975,359,5164.10428
2330.372173,380,5168.851355
2392.692577,362,5173.589545
2577.558373,399,5178.457835
2536.769797,425,5183.996062
2511.512746,324,5188.239974
2285.607218,358,5192.881227
2522.455845,333,5197.096206
2349.998478,345,5201.630145
2569.074934,353,5206.141355
253.498244,70,5207.013166
2491.571455,322,5211.123524
229.941781,76,5212.110087
808.549293,227,5215.021193
2567.859739,366,5219.776486
2088.331735,361,5224.328308
2538.833078,321,5228.273032
2328.304398,365,5233.053172
2374.986076,354,5237.332144
2352.87743,475,5243.417529
2579.855497,359,5247.223931
2428.060317,363,5250.934067
2318.30941,331,5254.297197
2589.135302,378,5258.184263
608.795485,119,5263.116942
62.691508,76,5263.914174
-25.03367,115,5265.10766
2435.913119,397,5269.214586
2654.520243,379,5273.09556
2551.678595,401,5277.280314
2556.695469,388,5281.381127
2563.641986,369,5285.301109
2501.727589,350,5288.994495
505.524643,106,5290.125797
1780.519147,398,5294.397171
2374.649137,339,5297.901651
2347.239916,345,5301.525126
959.977093,135,5302.973483
2092.139373,312,5306.258888
2512.232976,331,5309.798123
2612.237822,396,5313.960385
2583.580449,380,5317.809397
2625.227815,369,5321.550887
2440.457901,308,5324.650336
2557.856644,378,5328.536588
2529.86971,315,5331.742062
517.159339,134,5333.106467
2526.273008,397,5337.206562
2362.904117,366,5341.204861
2562.848271,335,5344.864527
2632.045535,340,5348.584942
2382.949395,382,5352.782831
2552.287341,325,5356.297601
2404.778604,353,5360.187853
2418.579741,325,5363.531024
2547.087304,360,5367.169494
639.843081,96,5372.51434
111.490576,70,5373.293782
109.433269,244,5375.843462
2480.83473,377,5379.743483
2230.389653,399,5383.847641
217.168921,128,5385.160138
2495.220307,366,5388.941617
2428.293246,391,5392.990079
359.209493,139,5394.554335
2564.043499,346,5398.882735
2564.097664,343,5403.283343
2621.328554,362,5408.099757
2299.488915,345,5412.400392
2378.340201,375,5417.306591
2453.112921,381,5422.125557
2631.909156,379,5426.967456
2346.143366,331,5431.145339
2326.188741,333,5435.635622
2516.278593,362,5440.313156
406.187423,96,5441.50165
2554.110128,338,5445.881119
2474.965127,330,5450.193207
2381.032191,345,5454.5449
2466.710233,331,5458.801644
2550.034486,366,5463.544277
2748.528812,403,5468.854746
2518.759033,340,5473.064682
2313.804512,329,5477.37068
2274.573981,353,5481.857686
2538.050655,435,5486.598284
2255.972884,356,5490.269763
2044.830779,307,5498.101475
-427.581823,174,5499.975052
2601.880654,357,5503.64764
65.512372,23,5503.879837
76.960324,23,5504.116055
2420.609785,363,5507.82251
-90.021719,57,5508.389668
-624.065175,94,5509.357941
2420.915157,360,5513.030151
2450.931225,307,5516.846145
2130.861837,332,5521.224492
2322.124279,423,5526.603883
2608.82382,359,5531.371495
2491.552909,329,5535.492173
2449.96407,316,5539.484859
2405.335317,393,5544.701082
2452.934754,422,5550.325248
2363.756069,341,5554.517279
2559.455692,376,5559.4124
2449.927264,333,5563.750614
2572.866607,436,5569.217322
2376.6968,323,5573.467713
2208.099674,371,5578.375089
2600.718465,399,5583.335406
2593.400823,378,5588.008094
2490.187619,317,5592.170833
2425.141194,290,5595.656173
2542.721673,351,5600.022318
2529.8505,317,5604.080512
2382.211951,343,5607.691713
2437.247538,296,5610.767225
2343.781515,335,5614.24531
2430.748225,332,5617.760682
839.613533,130,5622.938915
93.525326,44,5623.426077
26.214551,42,5623.852033
2201.838349,591,5630.16493
2498.113948,366,5633.906483
2450.881233,309,5637.138266
2445.726442,307,5640.40338
2118.404914,320,5643.857654
2481.603091,381,5647.898572
2494.358455,362,5651.778563
2381.209888,337,5655.332865
2439.852197,363,5659.061824
2260.190948,336,5662.520541
2203.721234,382,5666.558471
2471.370013,322,5670.018302
2076.628861,364,5673.909494
2259.178803,381,5677.928329
2482.194739,320,5681.133547
2035.991649,405,5685.216528
2646.21643,340,5688.637457
2431.527549,315,5691.798174
2159.960757,323,5695.061213
2526.204854,342,5698.525723
2226.987286,311,5701.75981
2385.805241,302,5704.94767
2029.41661,304,5708.207585
218.501536,48,5708.721047
2410.278171,349,5712.440535
2329.298311,412,5716.78167
2329.459488,383,5720.864278
2533.334348,314,5724.123132
2133.550913,325,5731.936141
2247.430628,399,5736.118624
2082.809295,425,5740.481244
2470.242066,379,5744.382446
127.45905,99,5745.396353
46.65669,51,5745.916594
2403.420635,368,5749.693754
2394.764562,353,5753.333586
2433.543951,298,5757.014327
481.961771,71,5757.916837
2516.530221,331,5762.168262
2355.758022,340,5766.711446
1731.79027,356,5771.205314
2293.186594,408,5776.589043
519.479073,99,5777.911055
2602.585673,355,5782.358877
2370.992352,401,5787.451263
2362.317909,353,5792.066247
2190.727923,375,5797.092388
2554.487825,356,5801.634535
2293.54098,328,5806.010849
2025.402618,333,5810.35863
2239.487743,327,5814.500171
2191.526579,295,5818.177862
2326.723595,380,5823.111745
2154.915125,360,5827.842609
2531.031531,376,5832.503183
2365.443076,317,5836.723847
2497.708832,334,5840.99805
2641.882176,373,5845.333608
2544.753147,366,5849.117266
2074.559734,322,5852.412957
536.52244,72,5856.71481
1764.70638,455,5861.490032
2315.375669,366,5865.324987
57.965488,43,5865.796589
2364.582183,418,5870.13518
2252.0837,311,5873.354643
2508.819185,345,5877.848167
2241.591189,346,5882.353934
2652.126909,354,5886.891636
2680.502201,343,5891.468771
2294.358994,367,5896.054361
2668.047573,379,5901.014108
2229.655562,354,5905.752445
2272.090731,327,5910.13842
2188.418664,397,5915.154509
2399.695378,304,5919.195637
2434.198174,361,5923.910673
2361.103224,333,5928.113741
2219.766021,365,5932.988481
2352.129223,365,5937.884949
2249.25857,365,5942.571438
2479.208274,323,5946.513209
2565.971546,367,5951.375705
2264.443157,369,5955.920475
2495.525609,355,5960.437159
2324.236819,314,5964.420222
2219.500941,332,5967.851208
2595.603161,467,5972.809652
2491.387823,342,5976.460763
1748.93825,233,5983.496741
157.549215,104,5984.657418
555.318514,1148,5996.831563
2446.210114,325,6000.284045
882.080063,148,6001.840472
2563.140749,331,6005.334355
2576.799869,336,6008.82876
2465.880854,401,6013.111796
2573.893332,326,6016.557832
2346.057832,364,6020.312976
2281.519824,362,6024.076655
1942.655711,321,6027.410761
2386.263308,346,6030.981259
2568.636104,382,6034.930118
2328.741417,376,6038.829731
2257.944003,323,6042.160963
2313.375104,332,6045.56058
2264.636792,337,6048.969368
2416.787449,389,6052.921825
2637.613404,367,6056.673833
2224.161576,346,6060.232442
2486.746579,344,6063.779306
2581.306145,358,6067.544331
2390.091958,327,6071.013486
2251.191211,306,6074.206581
2495.171977,327,6077.631628
2514.976276,335,6081.156439
2427.700746,322,6084.525873
2100.67581,317,6091.083701
34.036463,37,6091.525287
160.572471,97,6092.485433
2557.958,385,6096.474976
198.776768,56,6097.039693
2666.106366,404,6101.126062
2556.405665,357,6104.795557
2635.575496,472,6109.595394
2375.701564,293,6112.600608
51.614467,56,6113.151831
2412.329895,338,6117.176965
2675.879597,343,6121.650692
187.764564,80,6122.728026
73.106355,165,6124.955203
2188.61337,346,6129.381008
2327.380352,335,6133.713977
2535.00199,360,6138.498672
2782.975841,399,6143.4327
2322.155687,375,6148.237072
1578.659239,408,6153.698161
2467.782582,346,6158.25594
2177.831391,314,6162.285815
2493.418181,403,6167.69283
2421.730021,335,6171.873649
2574.274244,367,6176.47006
2513.100558,326,6180.640884
2342.961253,335,6185.093802
2192.938038,364,6189.745526
2575.133269,404,6195.038262
2621.551327,395,6200.118119
2525.94474,390,6204.711228
2453.819165,360,6208.3769
2537.782491,320,6211.631392
206.065099,35,6214.199564
-81.915367,57,6214.829883
178.416134,147,6216.320868
163.776229,108,6217.39547
2424.319927,376,6221.206481
40.617923,144,6222.681628
2617.953733,420,6227.012984
2576.080369,336,6230.452392
2325.60104,381,6234.58233
2582.898995,334,6238.988868
2179.180994,427,6244.33191
2268.197611,358,6249.068993
2496.686482,446,6254.668469
314.922726,158,6256.607231
2152.457979,306,6260.59604
611.009642,205,6263.280548
2387.235245,353,6267.916795
-15.200766,397,6273.103381
2483.358226,338,6277.472655
2539.919413,326,6281.794273
2193.011043,352,6286.174939
2568.127189,434,6291.855783
2515.4935,352,6296.503303
2120.096333,501,6302.992144
2473.21461,376,6307.750968
1997.031223,394,6312.857195
2506.227955,318,6316.710741
2645.823323,415,6322.11199
2469.442459,342,6325.936658
2579.877204,362,6329.582909
786.288172,323,6332.919429
1461.201434,214,6338.151407
2640.105877,446,6342.810895
2338.964938,388,6346.888824
2174.186538,431,6351.377051
2381.35419,373,6355.237751
72.649265,89,6356.154243
261.853233,102,6357.191204
266.419866,76,6357.964917
311.789233,58,6358.58246
293.055607,206,6360.781131
2420.792803,371,6364.823401
440.168403,239,6367.600323
2591.741224,407,6371.929421
1070.277592,194,6374.172224
2537.975443,370,6378.037593
2337.559232,362,6381.859005
802.706539,169,6383.882545
2161.927265,449,6388.632344
1049.372137,173,6390.509461
2217.014596,364,6394.298393
2126.056315,352,6397.979428
2517.151806,370,6401.782997
2560.964444,360,6405.458474
2591.168273,572,6411.298328
2499.544381,352,6414.907983
1511.378888,353,6418.518284
2395.94914,362,6422.238885
1322.51537,423,6426.673611
1667.939673,396,6430.842381
2554.715004,351,6434.482286
2123.88438,367,6438.343273
2538.034691,325,6441.718656
884.777276,150,6447.712424
163.867481,62,6448.399079
105.743554,99,6449.421661
-47.817386,102,6450.445352
220.799939,109,6451.56828
2584.739856,376,6455.394909
301.448735,66,6456.054589
2157.657425,338,6459.47715
2593.252054,352,6463.097345
2493.532494,357,6466.745451
2573.283402,354,6470.337141
2396.09847,361,6474.070367
2551.784437,349,6478.466384
2688.973644,465,6484.67754
2508.859552,308,6488.576624
2465.963746,338,6492.960281
2468.895996,318,6497.19428
2483.559511,393,6502.060005
2315.667182,327,6506.222002
2539.275946,357,6510.858453
2366.140131,361,6515.701072
2417.191388,342,6520.062601
2498.569999,308,6524.178826
2589.112951,330,6528.516522
2497.657188,312,6532.380279
2560.260601,330,6536.561169
2920.159737,450,6542.397847
1571.24673,292,6546.196923
2541.631895,322,6550.230751
2471.59569,317,6554.394668
2499.343407,304,6558.293538
2365.944227,291,6561.848847
2254.791721,349,6565.81728
1685.549321,261,6572.562421
-2122.49154,466,6577.497902
2285.641447,574,6583.404
369.052345,82,6584.261094
2252.050018,327,6587.648414
2653.907528,339,6591.14753
404.857755,109,6592.254967
2367.056336,345,6596.434548
194.979444,130,6598.148189
2283.722463,327,6602.22426
2532.673847,370,6607.123693
2515.075343,320,6611.297842
2335.668761,399,6616.258191
2481.618902,364,6621.126903
2721.370005,436,6626.741919
2713.020423,408,6631.92636
311.290288,108,6633.302158
337.624049,151,6635.329959
614.66933,90,6636.518452
317.767076,148,6638.501179
2345.77385,316,6642.533968
2262.834432,346,6646.930893
2425.819649,337,6651.408093
2614.434589,341,6655.77305
2531.379713,437,6661.351668
2531.148081,383,6666.309032
2521.905026,371,6671.11288
2296.596138,337,6675.202172
2402.954288,338,6679.619281
2536.066701,304,6683.478959
2087.687512,345,6687.049655
2565.698389,321,6690.359463
1823.269748,331,6698.642607
77.580141,42,6699.114688
-29.489355,63,6699.727787
44.300269,48,6700.206325
72.157251,50,6700.710355
14.325713,75,6701.492932
-267.95905,123,6702.762024
150.916901,114,6703.934221
514.932985,203,6706.043616
2355.864476,407,6710.26182
2530.871794,367,6714.086337
2545.943109,334,6717.510241
2585.59786,374,6721.421772
2278.885056,529,6726.908322
2445.862431,383,6730.954139
2332.799904,359,6734.647099
2574.892798,528,6740.148492
2561.087708,308,6743.288608
2611.586818,424,6747.643625
1001.899631,199,6749.682985
2569.171345,372,6753.547892
2284.878538,346,6757.137406
2372.913068,387,6761.076661
2442.593921,348,6764.662729
2431.59863,337,6768.060638
2564.918496,405,6772.15154
2278.367123,428,6776.543353
994.598104,185,6778.444589
2553.688889,307,6781.592118
2541.270461,319,6784.854699
2502.754347,348,6788.454854
2360.301859,342,6792.106852
555.785747,352,6795.897156
1859.764075,424,6800.392664
996.944807,170,6806.311102
77.590877,133,6807.755772
2442.510763,331,6811.151112
2295.527915,321,6814.418366
2672.332944,364,6818.140363
2401.700536,341,6821.604555
2105.549855,414,6825.800776
2288.928884,322,6829.069431
2510.609587,321,6832.323175
2301.021024,409,6837.107406
2433.739948,385,6842.235093
2336.688591,339,6846.529661
2375.591506,331,6850.805814
2629.549182,367,6855.676418
2409.09562,383,6860.485312
2511.91521,321,6864.712435
2459.554039,329,6869.009264
2508.061548,325,6873.361223
2591.401624,499,6879.752608
2619.686587,368,6884.665043
2384.614557,345,6889.035542
2549.882541,353,6893.657837
678.818209,210,6896.31611
2106.070379,315,6900.487278
2416.592137,296,6904.311172
2619.388934,383,6909.100693
2411.445939,341,6913.648465
2494.470964,301,6917.469656
2540.054607,344,6921.797679
2428.279164,306,6925.380539
1607.533154,203,6931.366075
80.060372,42,6931.855864
-729.084599,1155,6943.776769
218.040651,125,6945.076702
2474.768699,364,6948.780945
2571.242303,320,6952.094217
2466.773548,326,6955.903507
2322.090585,323,6959.92004
2465.045519,352,6964.47054
2497.689597,397,6969.570478
2493.833001,377,6974.265154
2157.489353,358,6978.996641
2524.798766,323,6983.041138
2488.00169,457,6988.829068
2379.909008,344,6993.337043
2521.95639,350,6998.008187
2300.791562,389,7002.825031
2208.232225,316,7006.98832
2443.821249,343,7011.437219
2244.805208,368,7016.140152
2024.638578,338,7020.353703
2450.426812,318,7024.558988
269.806748,159,7026.654448
2582.312713,376,7031.240443
2544.127294,343,7035.633063
2507.392525,329,7039.940269
2537.198729,309,7043.657563
2606.325338,320,7046.893189
2549.493445,327,7050.172037
621.101608,152,7055.77182
-60.795368,37,7056.203363
5.380996,17,7056.365598
17.115835,19,7056.555365
-44.33655,16,7056.713337
2326.588547,477,7061.642524
2664.626607,384,7065.70418
2540.841261,408,7069.969379
2458.432682,321,7073.389468
2602.264,384,7077.395649
205.97978,65,7078.036394
2691.817216,487,7083.129665
2451.054077,370,7087.058146
88.582528,269,7089.923127
2663.439379,367,7093.844493
2565.640718,320,7097.284104
2682.687392,377,7101.317038
2333.46038,364,7105.131706
535.739366,138,7106.576766
2338.530421,340,7110.093562
2014.204978,1043,7120.916316
2526.192059,340,7124.499614
2336.941011,313,7127.701815
2608.761454,335,7131.117723
2276.300024,304,7134.236715
2291.017494,325,7137.57754
2637.223063,323,7140.883623
2464.642262,305,7143.991806
2219.324005,366,7147.760501
2437.676735,368,7151.559837
2622.405968,430,7156.029832
2555.845024,306,7159.184908
348.950528,82,7164.026937
-17.867963,74,7164.8194
2371.404115,348,7168.384118
2503.775028,358,7172.033345
2513.075348,356,7175.653398
2266.225414,347,7179.240559
2544.316805,340,7182.723359
2559.85544,318,7185.935524
2540.24185,348,7189.489384
2322.503642,318,7192.717788
2604.762861,371,7197.217112
2571.381863,325,7201.487427
2335.813953,301,7205.318867
2456.214636,303,7209.332157
2540.808251,329,7213.688802
2518.563411,411,7218.896947
2398.370223,342,7223.4572
2432.666277,367,7228.333693
2421.123145,394,7233.490915
2697.523283,322,7237.541606
2168.790578,369,7242.449229
2466.295795,337,7246.689441
2501.167606,361,7251.324778
2465.316299,339,7255.779042
2316.681676,309,7259.88462
2557.222795,338,7264.19594
2531.357037,294,7267.877729
2549.957861,313,7272.032577
2339.267882,310,7275.939179
2317.185284,314,7279.829874
2582.385646,351,7284.307456
589.097673,93,7288.447498
76.409358,53,7289.036284
2419.392408,374,7292.862522
2265.218043,302,7295.995695
2759.546249,411,7300.219047
2668.756702,411,7304.451102
2571.357086,447,7309.075733
2636.282535,349,7312.659423
2403.446469,352,7316.775032
2552.05547,386,7321.730223
2585.875145,378,7326.771436
2317.882944,364,7331.402012
304.385494,126,7333.036184
2311.830123,424,7338.65147
2368.334585,358,7343.110711
2299.627928,338,7347.413058
611.751539,133,7349.095231
607.485713,141,7350.949175
2605.391416,346,7355.612417
1158.65433,244,7358.761635
2325.722268,376,7363.597563
2576.779761,380,7368.666383
2445.859689,365,7373.230933
1025.469255,377,7377.963828
1256.902375,202,7380.517606
2530.454712,335,7385.015419
161.764476,360,7389.56409
2313.299887,323,7393.614989
2467.688703,372,7398.448778
2552.422407,331,7402.439809
864.712116,464,7407.436639
1011.807804,178,7413.134179
-49.962748,83,7413.998629
2606.573144,371,7417.7909
2568.958118,325,7421.145119
2307.291475,286,7424.134877
2307.50352,374,7428.026857
2456.258947,308,7431.232463
2545.603139,355,7434.908405
2240.87505,285,7437.893426
-328.275764,248,7440.450213
2371.700576,289,7443.457421
2457.628572,321,7446.812667
2531.293639,301,7449.925914
2781.294765,371,7453.752185
2470.403321,323,7457.185008
2593.590975,324,7460.629776
2145.84528,355,7464.272924
2256.197584,317,7467.542026
2468.898297,293,7470.570065
2529.463641,352,7474.205173
2203.720054,339,7477.686981
2578.034112,315,7480.938634
2211.690097,305,7484.061888
2494.908557,329,7487.429542
2393.216892,306,7490.53798
2630.654579,314,7493.728394
2512.949217,315,7496.976879
2391.865715,333,7500.368515
2426.534842,347,7503.891503
2366.107127,303,7506.997968
2392.000593,299,7510.07398
420.504071,116,7511.282358
2554.827327,315,7514.548637
1275.906827,183,7521.306721
45.632985,81,7522.219334
2556.280343,363,7525.988247
2556.738748,331,7529.403829
2556.396028,479,7534.37464
2471.470469,302,7537.561801
2377.736409,340,7541.025956
2187.359756,305,7544.096373
2627.352536,366,7547.805057
2474.909503,370,7551.53378
2328.528624,348,7555.43412
2563.053905,374,7560.198153
2427.945367,322,7564.179083
2484.123695,352,7568.853588
2406.78423,344,7573.236455
2412.025315,314,7577.146552
2570.216915,309,7581.254636
2231.370359,302,7585.214485
2456.692073,295,7589.089935
2547.935387,355,7593.508025
2401.29012,389,7598.612578
2712.684752,401,7603.797699
2478.679204,305,7607.645756
2542.793094,340,7612.200852
2453.732596,358,7616.892865
2354.161983,324,7621.072134
2582.21365,426,7626.392495
2591.730414,320,7630.62465
2289.953008,311,7634.552637
2587.009345,323,7638.71083
2440.267437,316,7646.949713
2381.353434,382,7650.877672
2327.5569,349,7654.43352
1546.007448,431,7658.829412
301.601737,63,7659.47634
242.373015,242,7661.968847
2153.604571,324,7665.292643
565.952065,221,7667.548049
2534.522598,390,7671.508493
2563.125705,302,7674.787066
2463.308616,292,7678.426228
2563.644844,382,7683.519724
2699.734422,403,7688.622978
2661.957261,348,7693.192927
2446.161035,329,7697.524557
670.667963,154,7699.419162
734.221203,121,7700.878181
2143.045087,354,7705.378644
2389.621565,479,7711.678673
2008.686219,535,7718.548505
950.51783,160,7720.577569
2120.396559,355,7725.354825
805.375481,192,7727.80758
834.162214,128,7729.375132
2427.750369,346,7733.816445
2175.913659,319,7737.792996
2393.985629,375,7742.794582
741.677857,174,7745.031541
2331.578945,357,7749.469587
2457.849389,341,7754.043967
2376.713813,378,7758.790136
2574.506549,487,7764.711057
1070.670076,222,7770.515469
-1011.346447,336,7774.009269
2437.21289,288,7776.945024
2354.530187,329,7780.308184
2515.074205,377,7784.176958
2478.259649,390,7788.202913
642.900132,92,7789.14672
2424.650227,387,7793.180665
2378.838557,333,7796.625011
1881.90812,533,7802.149777
2588.111865,327,7805.563532
151.121931,174,7807.381957
2423.321744,350,7811.031038
2567.795208,358,7814.797026
2375.333784,287,7817.82968
2453.360695,312,7821.041111
2375.055993,317,7824.36961
2407.584149,360,7828.007003
696.757086,148,7829.588788
2450.642908,333,7833.153107
2435.801597,307,7836.435961
2332.156964,363,7840.326052
2413.285388,315,7843.728297
2551.967913,301,7846.92416
2539.954735,365,7850.827308
2498.999179,306,7853.944565
2455.076805,351,7857.483718
2376.439883,370,7861.227719
2343.973672,341,7864.66788
2516.146494,331,7868.038208
2271.668819,323,7871.288753
2449.871612,293,7874.245294
-8.85877,3,7877.806829
203.14971,62,7878.50152
338.743715,97,7879.515958
2453.464226,299,7882.667644
2569.993059,326,7886.073308
2397.813807,413,7890.385274
2308.855907,469,7895.267927
2270.939767,319,7898.610797
1958.085185,329,7902.035999
2474.164523,300,7905.128063
2210.681097,364,7908.879806
2438.785119,409,7913.09448
2531.485305,333,7917.337908
2447.216521,317,7921.247762
2568.224006,319,7925.353999
2483.414315,378,7930.364736
2048.931015,268,7933.75139
2476.747324,326,7937.976503
2276.699934,403,7943.268018
2364.875402,355,7947.923368
2464.422097,329,7952.101309
2541.351907,349,7956.714296
803.350143,180,7959.129317
2482.522677,324,7963.311919
2630.165432,334,7967.730448
2523.545617,449,7973.703821
2416.126045,320,7977.956333
2307.380834,296,7981.621645
2526.016618,309,7985.607507
2522.934032,308,7989.752038
2236.010018,337,7994.053749
2450.351291,341,7998.491467
278.645727,38,8003.084179
197.856329,53,8003.763523
106.129904,77,8004.565043
-161.792848,258,8007.229587
-351.124713,218,8009.478923
2524.625756,350,8013.081642
2429.316448,361,8016.775707
2587.012011,345,8020.363637
435.216554,125,8021.652419
2305.337344,316,8024.891735
433.817311,152,8026.445585
2520.982845,301,8029.512839
2468.954819,321,8032.806256
2137.62775,382,8037.381987
2453.690993,306,8041.506305
2680.003848,365,8046.138333
2480.573769,333,8050.448712
2543.315956,328,8054.791142
2409.062524,349,8059.155488
2632.201586,321,8063.345146
2586.525531,324,8067.593586
570.057792,129,8069.322882
2693.03783,377,8074.291014
2480.680861,280,8077.780851
2413.308937,352,8082.464888
2391.157829,411,8087.744778
2555.281305,331,8091.958205
2500.158253,297,8095.784736
2280.035761,319,8099.965398
609.487681,196,8102.539827
2446.973831,290,8106.169366
2524.386917,307,8110.140006
2507.31258,306,8114.230523
2470.462449,303,8117.997417
2163.586415,329,8122.12482
1145.853855,188,8128.286066
-52.515018,84,8129.192143
285.813433,232,8131.563721
2265.630363,314,8134.749885
2289.385595,392,8138.724592
2355.686943,321,8141.963401
1275.904353,374,8145.798361
2348.1141,335,8149.410882
2317.862036,339,8153.052913
2334.566033,418,8157.324206
2339.082972,392,8161.349838
2532.216276,323,8164.715719
208.897959,255,8167.338547
2451.54421,444,8172.074509
2241.540194,347,8175.823861
2325.245577,332,8179.384183
2286.028125,340,8183.024801
2283.151615,295,8186.035293
2302.218138,305,8189.114508
2184.299213,318,8192.333432
2546.301766,339,8195.869686
2465.923042,342,8199.486445
2189.695608,328,8202.933723
2429.524265,313,8206.170045
2356.280632,332,8209.644483
2463.974272,377,8213.633789
2483.278165,321,8217.007427
2505.467026,292,8220.017578
515.177725,103,8221.08426
2413.826006,371,8224.967052
2194.885123,345,8228.572968
1988.782514,377,8236.457765
8.278167,49,8237.01258
144.243004,136,8238.404288
2133.863633,326,8241.792502
2010.210338,378,8245.696519
2159.438967,351,8249.282871
2484.310605,305,8252.39337
2516.706228,313,8255.580181
2425.552849,290,8258.538177
1840.572095,400,8262.614209
2262.470079,308,8265.959201
2436.082929,370,8269.731772
2339.257868,321,8272.968685
2378.423248,306,8276.665972
1784.17186,363,8281.159374
2461.59519,386,8286.18649
2289.902701,347,8290.643835
2373.198443,307,8294.563136
72.206355,98,8295.869946
2329.939565,339,8300.397753
2267.743124,292,8304.055367
2107.715283,324,8308.273302
2393.964712,300,8312.01427
2474.462634,303,8316.04933
2206.311752,332,8320.373242
2333.155324,334,8324.614148
2560.514466,301,8328.635771
2565.384221,342,8333.081564
2240.062113,288,8336.846044
2424.736632,356,8341.212306
2112.829221,349,8345.753353
2433.928804,352,8350.318606
2198.372251,354,8354.767688
471.272408,80,8359.810374
-431.163012,165,8361.90434
2502.56643,308,8365.471519
2517.714001,322,8368.818612
2475.469284,320,8372.173999
2492.880529,344,8375.697482
2265.305349,307,8378.8337
2376.953182,359,8382.503179
2476.952954,322,8385.773093
2338.501013,353,8389.393241
2095.029665,320,8392.694944
2005.043671,348,8396.892825
2632.843152,572,8404.347945
2531.475492,315,8408.492627
2275.41607,357,8413.252805
2398.474323,285,8416.766804
2559.08768,350,8421.344629
2551.926046,315,8425.537412
2515.765307,329,8429.97809
2342.648384,320,8434.063
2517.461986,347,8438.559659
2406.239264,303,8442.675168
2563.250443,355,8447.178021
2504.31509,315,8451.35414
2160.870427,349,8456.007559
2551.850155,373,8460.99981
2530.970576,291,8464.646023
2149.862511,324,8468.858226
2437.331537,304,8472.911754
2379.865985,349,8477.245677
2243.319877,331,8481.440727
320.597384,48,8485.777242
-36.382938,119,8487.064149
231.910746,114,8488.24402
511.707491,207,8490.367336
432.561174,99,8491.358985
1276.045709,189,8493.295915
342.355712,194,8495.286944
490.079319,417,8499.576345
2629.822407,390,8503.58372
730.690031,120,8504.791472
2600.259955,313,8508.013519
734.854551,148,8509.542501
852.608209,134,8510.911974
2398.56602,540,8516.514226
2537.575395,358,8520.248775
1999.178299,420,8524.637654
2315.116085,347,8528.186603
1319.264354,406,8532.425824
2103.416748,474,8537.363411
1843.190319,356,8541.041126
2240.459742,332,8544.47886
2396.664749,330,8547.870573
2350.840189,312,8551.057597
2169.797576,325,8554.393816
2349.904229,325,8557.761873
2592.046185,326,8561.096832
1192.620529,520,8566.476169
2415.184123,308,8569.620365
1948.539872,362,8573.338012
2454.774605,401,8577.480828
2480.123823,288,8580.410116
2232.134403,288,8583.356886
2663.202826,345,8586.895634
1355.186486,193,8593.4798
115.302819,81,8594.332503
-276.42349,64,8594.970869
300.775757,188,8596.896209
2596.288474,438,8601.405028
2205.668971,328,8604.80199
2343.15476,344,8608.426847
293.151444,176,8610.239073
700.845849,123,8611.498381
2188.850236,374,8615.357838
2263.724487,375,8619.170483
2452.794054,314,8622.41501
2515.970229,291,8625.366405
408.26953,208,8627.49497
2382.461768,315,8630.672573
2382.708629,307,8633.766938
2390.141551,369,8638.250523
2382.039069,311,8642.322705
2447.617876,288,8645.995083
619.970827,137,8647.696911
2368.209228,360,8652.21006
2334.749149,346,8656.804818
2292.656658,294,8660.451492
2478.789618,319,8664.460253
2276.357582,370,8669.087561
2261.787601,398,8674.373853
2627.163973,339,8678.629671
853.626375,248,8681.838787
2331.562797,351,8686.541687
2252.54469,319,8690.578754
2539.630433,313,8694.64536
2430.9089,355,8699.090244
2251.016167,314,8703.255392
2237.720607,358,8707.803524
2206.769935,285,8716.024839
2086.628794,457,8721.827756
193.584735,168,8724.004099
2530.195093,332,8727.448726
2139.790899,305,8730.576145
2210.010897,302,8733.732322
1742.354752,548,8739.396909
2285.044809,326,8742.735579
2365.32925,356,8746.417673
2346.412642,426,8750.790677
2429.560128,319,8754.127983
2041.995029,348,8758.625134
2390.103553,307,8762.429785
2562.252704,317,8766.703987
2271.775778,373,8771.516054
2254.186798,292,8775.200645
2361.283639,302,8779.301043
2486.824478,398,8784.412939
2377.750514,349,8788.994884
2500.865961,300,8792.870414
2481.081315,302,8796.914206
2462.678821,328,8801.246633
2431.527701,308,8805.237499
296.826172,165,8807.45866
1975.290297,346,8812.094888
2424.642136,332,8816.488177
2482.27367,318,8820.553589
2512.857914,315,8824.656204
2079.553978,322,8828.962668
2341.5442,318,8833.007533
2224.704558,331,8837.274069
570.336889,90,8843.212045
-60.088129,115,8844.534208
2302.818847,604,8850.871783
2416.373066,449,8855.4916
2399.800464,490,8860.609121
2569.24929,389,8864.680731
2297.865522,596,8870.934961
732.131384,155,8872.55526
425.76452,338,8876.101508
2042.034983,345,8879.696306
1001.035813,144,8881.194642
784.808647,197,8883.23186
2085.331006,389,8887.238788
2376.739936,329,8890.649506
2300.794729,302,8893.815948
2409.745559,354,8897.57519
863.290804,291,8900.710033
2471.396952,293,8903.809351
2492.036087,305,8906.915781
2340.645723,315,8910.087671
1179.233144,319,8913.343672
1280.950572,202,8915.408952
2506.539521,285,8918.425832
2415.805149,343,8922.043408
2621.185195,318,8925.438408
2538.418204,322,8928.932975
2520.61647,322,8932.436041
2576.271898,444,8937.2328
2374.327105,324,8940.635285
2636.373591,463,8945.430659
2041.753991,258,8951.755567
-24.870165,41,8952.214998
-340.890436,161,8953.8708
2482.830739,320,8957.196369
95.149231,60,8957.809654
2435.588379,332,8961.288331
2522.162436,347,8964.878367
2378.500916,326,8968.256272
2654.047119,415,8972.56585
2280.968343,362,8976.305758
2405.159799,326,8979.678094
2567.017736,321,8983.007936
2487.25727,393,8987.09062
2486.366522,339,8990.574418
2134.978802,348,8994.196947
2501.294199,317,8998.19938
2508.874313,336,9002.68385
2539.683097,309,9006.50806
2675.276896,333,9010.742601
2529.713996,325,9015.041248
2431.33699,312,9019.005097
6.578121,90,9020.155387
2633.589624,343,9024.663009
2215.404695,299,9028.5012
2428.390602,307,9032.604754
2474.397714,407,9037.670433
2070.316967,325,9041.966
2455.549156,305,9046.058272
2717.15085,381,9050.968159
2132.176243,346,9055.475217
2313.769921,331,9059.782877
2485.68905,325,9064.023289
2689.251152,430,9069.396501
528.586594,88,9075.282432
-38.067607,74,9076.233205
-29.905892,180,9078.541799
133.80459,142,9080.445624
2648.420344,458,9085.969069
2434.035517,305,9089.093416
450.198005,117,9090.295842
177.660701,58,9090.893304
2324.801142,487,9095.967785
2615.903464,366,9099.708033
2333.925715,314,9102.901142
2505.272482,384,9106.81646
2567.080395,339,9110.252773
2540.777271,327,9113.520723
2475.952602,339,9117.702746
2546.557562,380,9122.489015
2492.908491,411,9127.918085
38.542679,403,9132.966896
-495.411832,270,9136.580925
-46.576588,245,9139.829643
750.65151,127,9141.434932
2442.64267,307,9145.313416
2474.432926,325,9149.308622
2647.088174,364,9154.045854
2395.858156,366,9158.8275
2641.575964,337,9163.029425
2549.541414,305,9167.113714
2249.802929,312,9171.159409
2278.325784,323,9175.355165
2336.09825,336,9179.552508
2302.097372,307,9183.512666
2541.797064,310,9187.642973
2486.608726,317,9191.595797
2404.391459,350,9196.127184
16.393065,15,9200.101095
2343.996021,360,9204.575454
64.124574,63,9205.235961
2581.377889,338,9208.725223
2482.294656,389,9212.701316
2647.467958,347,9216.192835
2371.938056,352,9219.793634
2344.21126,337,9223.207407
2237.471477,304,9226.297053
2319.710818,425,9230.697879
2838.563519,474,9235.70862
2506.846852,317,9239.0186
2399.883095,395,9243.063485
2500.027571,341,9246.596492
2494.808191,315,9249.855516
2279.058289,297,9252.885776
84.725236,96,9253.892089
2635.283623,351,9257.628185
2462.985223,310,9260.897814
2365.653966,319,9264.227636
2349.918806,342,9267.676789
2544.783249,338,9271.100441
2521.388689,305,9274.182584
2416.722072,326,9277.514698
2331.851002,312,9280.790095
2248.286357,319,9284.138341
2446.332361,300,9287.266819
2281.010147,333,9290.741168
2167.653814,294,9293.836647
2389.20021,308,9297.07688
2084.889065,370,9300.913514
2417.747167,282,9303.792485
297.054698,41,9307.597647
71.80935,74,9308.400184
100.728493,108,9309.530252
1866.300697,397,9313.61931
2064.592794,299,9316.728781
2175.650256,321,9320.061029
2439.033398,355,9323.724563
2333.800972,382,9327.684492
2118.651465,333,9331.147274
2434.685019,282,9334.068256
2414.415333,311,9337.277006
2510.71127,312,9340.509363
2474.219884,329,9343.934749
2525.385718,307,9347.102938
2275.606641,347,9350.694699
2337.847344,302,9353.813668
2142.314285,368,9358.695704
2293.412443,326,9362.770642
2171.290973,309,9366.645466
2418.122488,303,9370.69132
2610.028538,436,9376.142105
2404.307743,390,9381.29095
2563.800021,351,9385.913082
2476.151196,301,9389.890292
2372.833574,322,9393.890478
2003.699435,332,9398.224277
2307.002999,316,9402.388871
2354.791665,338,9406.693383
2432.077471,315,9410.934543
2347.501945,314,9415.094457
2534.387268,322,9419.343184
2288.242192,301,9423.042448
1120.831397,197,9429.720676
16.083005,101,9430.942478
2408.389538,382,9435.677612
2511.693206,318,9439.891202
2440.124045,314,9443.93146
2321.441998,351,9447.592433
187.71699,72,9448.320367
2440.496009,289,9451.265164
2551.140616,307,9454.391899
2349.669029,377,9458.285428
2082.790039,339,9461.717794
2461.825392,317,9464.930816
2393.694583,335,9468.321465
2410.056193,359,9471.944333
2565.200742,323,9475.492555
2500.090272,376,9480.216163
2155.706029,308,9484.2879
2417.470501,316,9488.169306
2108.435283,320,9492.215076
2504.454543,293,9496.115838
2346.947976,334,9500.269176
2600.080017,328,9504.440212
2234.86817,295,9508.071129
2532.00274,293,9511.9616
2585.321037,362,9516.618064
2813.234551,377,9521.408894
2203.140704,334,9525.844381
2567.536162,343,9530.153211
2572.264235,342,9534.501278
2560.699173,315,9538.313247
2482.951803,310,9542.419308
2443.335695,287,9546.124101
2422.956299,292,9553.925405
8.350859,159,9555.944931
229.224149,332,9560.104794
2393.165705,321,9564.248305
2794.291212,452,9568.945305
2538.131675,307,9572.074187
2305.288809,317,9575.302877
2268.309156,311,9578.499497
2417.252476,302,9581.588435
2534.603381,341,9585.049927
2440.146125,284,9587.956269
2414.366476,315,9591.166951
2510.090206,303,9594.262281
2455.700358,319,9597.587431
2495.601729,313,9600.843075
536.289828,132,9602.181537
2470.351824,298,9605.243169
568.487725,100,9606.264271
2334.078921,315,9609.467189
2320.570561,338,9612.918273
2479.963195,303,9616.070294
2463.336288,278,9618.909951
2358.684665,336,9622.361694
2428.771261,327,9625.744244
2480.368757,289,9628.698781
2489.508458,371,9632.502191
2021.096173,310,9635.666985
2279.209975,301,9638.821561
2427.725607,333,9642.345383
2466.319817,344,9645.932829
2501.468635,297,9649.047039
2438.109063,299,9652.216889
2406.829686,335,9655.753036
2150.812136,309,9662.860797
2382.835271,412,9667.122381
541.20757,375,9670.98534
2515.948276,309,9674.169386
2450.119152,323,9677.483347
578.330928,86,9678.356388
2498.955055,316,9681.57172
1927.427955,290,9684.554232
2273.215246,290,9687.579174
2351.763888,298,9690.707534
2459.001631,325,9694.09394
2487.378808,318,9697.418593
2697.523916,391,9701.550918
2480.526704,347,9705.214673
2254.704232,360,9708.97371
2572.039663,324,9712.285583
1087.898313,139,9713.67436
2556.693598,316,9717.801518
2337.264528,311,9721.587944
2558.790351,324,9725.692795
2593.328116,325,9729.970265
2412.927685,294,9733.518411
2384.057237,305,9737.468887
2468.575519,372,9742.429119
2801.029395,370,9747.224271
2512.765802,349,9751.579272
2395.465782,313,9755.588387
2293.437431,304,9759.621661
2552.789073,329,9763.723062
2251.188343,285,9767.399906
2258.087107,406,9772.773293
2261.297253,296,9776.602146
1571.491598,198,9783.611262
-379.944389,62,9784.409668
-149.129012,50,9785.026888
2131.555619,343,9789.445118
137.804571,41,9789.949476
50.812448,34,9790.380826
-84.598672,214,9793.061057
2620.856575,362,9797.844817
2549.422146,342,9802.266919
0.646062,31,9802.64485
2454.560109,321,9806.124415
2507.923731,311,9809.32561
2282.098322,343,9812.90388
2405.562296,295,9815.94337
64.723381,22,9816.16432
64.236676,19,9816.359807
64.048258,25,9816.627363
2471.335927,322,9819.932153
2418.906676,312,9823.134052
2448.492365,303,9826.242048
2336.252486,358,9829.921469
2498.136612,326,9833.292998
112.292339,27,9833.567729
2546.305244,327,9837.634575
2485.165821,297,9841.575557
130.218815,28,9841.92256
2262.610364,305,9845.761692
2275.252249,307,9849.786525
2631.939926,337,9854.287057
84.166354,20,9854.522937
2438.996073,312,9858.463525
71.191939,21,9858.730312
2499.677947,303,9862.702086
82.162255,53,9863.409352
68.402778,19,9863.661011
79.617301,23,9863.967809
113.55341,22,9864.254443
104.289405,29,9864.603383
117.009558,28,9864.951433
2193.087021,334,9869.40542
110.640398,28,9869.77105
26.275713,23,9870.087134
55.917468,20,9870.340683
24.661999,43,9870.929082
2428.429858,289,9874.626357
109.566375,31,9875.022382
154.601354,38,9875.498022
2263.015904,300,9879.43898
69.641316,28,9879.818789
91.824928,24,9880.135435
61.401456,22,9880.420802
93.427436,33,9880.867231
2432.008869,317,9885.09111
62.25633,24,9885.407665
99.595456,28,9885.770921
64.790218,21,9886.029423
101.49523,27,9886.362708
98.282417,23,9886.665071
81.143401,32,9887.076694
113.032554,22,9887.350853
2537.589224,318,9891.488496
2569.38091,327,9895.70796
2437.127069,367,9900.641284
2471.227386,309,9904.601695
65.016654,22,9904.869324
276.534036,56,9909.183489
89.869875,58,9909.9436
2399.197177,372,9914.808846
434.757486,131,9916.462916
237.915849,128,9918.073589
2384.560045,356,9922.785728
371.546609,124,9924.303862
2166.388048,279,9927.229446
290.918885,112,9928.367757
2569.026073,320,9931.617817
99.800185,143,9933.07204
2556.090157,310,9936.235466
2421.457048,281,9939.091323
2165.240967,373,9942.882751
2284.991817,295,9945.889704
2477.832298,297,9948.901357
2110.622313,347,9952.432898
2474.681247,300,9955.514053
398.27979,117,9956.711387
2379.182257,311,9959.872823
2476.932397,324,9963.226913
2380.283081,365,9967.603972
2345.022181,316,9970.916255
2191.475906,414,9975.337744
2545.400501,395,9979.679601
2432.668569,288,9982.736271
2622.285783,404,9986.902045
2413.842852,297,9990.254667
2751.705487,351,9993.790435
2518.141827,301,9996.828339
2329.063907,401,10001.003167
2431.768244,368,10004.75076
2493.134394,381,10008.6963
1978.030914,287,10011.606641
2585.296119,331,10015.001239
983.661869,123,10018.780694
257.899337,112,10019.999851
-163.11377,154,10021.640213
185.3438,67,10022.341108
406.584557,100,10023.370756
2478.522565,420,10027.683051
2300.749589,332,10031.078934
2482.60736,299,10034.152105
2520.871982,339,10037.620164
2456.913768,284,10040.507319
2609.908508,325,10043.845191
-197.158153,166,10045.556662
2263.280401,296,10048.622983
2502.261496,298,10051.699139
2448.40123,351,10055.345876
280.796272,276,10058.259923
2418.393493,295,10061.297963
2527.300216,312,10064.527575
2529.970752,341,10068.064584
2216.938624,400,10072.161198
2492.735449,405,10076.943638
2468.164097,311,10080.784544
2246.635584,343,10085.182987
2346.015796,298,10089.003061
2438.129349,301,10092.68469
2563.902233,308,10096.710864
2232.898734,287,10100.488274
2664.244569,339,10104.785499
2095.715799,296,10108.539704
2554.036485,308,10112.403497
2211.43113,296,10116.364575
2182.168334,395,10121.360667
2693.532193,336,10125.701057
811.841251,231,10128.791457
2328.245522,294,10132.601724
518.592114,85,10137.359805
119.189627,125,10138.918457
111.102129,98,10140.111385
2438.62168,296,10144.011807
2369.404597,304,10147.948424
2395.9704,382,10152.767687
1360.900884,281,10156.508129
2647.739435,347,10160.962254
345.333269,55,10161.672887
2648.611624,417,10166.373098
2272.715785,325,10169.724402
2488.619076,357,10173.395854
234.663849,77,10174.175919
2630.377156,334,10177.638153
2368.79673,307,10180.794801
2485.703481,317,10184.057214
426.032512,105,10185.134888
2303.169141,309,10188.320627
2526.325529,365,10192.103658
2439.965274,315,10195.782103
2585.202486,364,10200.574375
2390.79697,319,10204.645314
2366.995289,377,10209.698267
2219.408313,314,10213.781756
2112.282697,324,10217.924634
2462.746672,306,10222.043786
2500.529049,358,10226.838446
2271.976548,335,10231.286154
2601.723702,305,10235.131065
2320.399855,312,10239.34251
2462.384602,349,10243.954723
2329.807879,372,10248.726237
2537.211038,366,10253.656043
2562.225367,303,10257.735412
1250.277144,180,10264.352941
2163.250401,395,10269.587327
1276.993371,565,10276.745494
2174.954095,385,10281.892765
-396.74742,832,10291.000355
2410.682456,304,10294.058414
2540.386172,366,10297.785381
2369.698914,286,10300.67206
2411.294394,379,10304.529142
2394.567414,332,10307.878647
2474.998244,305,10310.987284
2195.545179,381,10315.005405
2409.59512,390,10319.007312
2254.511071,382,10322.949512
1251.904399,217,10325.180356
1002.979609,278,10328.003998
2269.903607,290,10330.95163
2383.633883,348,10334.522367
2069.208186,328,10338.048857
2340.26056,342,10341.738522
1232.85211,219,10344.065816
2647.050145,356,10347.630012
2112.779501,297,10350.623265
2176.486769,345,10354.080194
2543.05098,323,10357.351543
2659.061152,413,10361.72075
2592.580457,357,10365.498531
2402.333191,294,10368.638577
1993.327774,291,10375.886957
52.523068,79,10376.754285
232.911902,73,10377.527157
-64.623802,93,10378.509218
202.805734,74,10379.294835
313.20804,54,10379.868884
2508.668705,332,10383.412001
2479.336118,346,10387.038848
185.556816,118,10388.251667
2280.717361,489,10393.376371
616.279601,115,10394.574474
2519.564172,311,10397.81521
2377.145026,306,10400.983463
2528.855454,328,10404.384032
2231.145932,313,10407.605574
2374.561155,336,10411.082543
2576.668618,402,10415.270084
378.334061,210,10417.4216
2519.781266,332,10420.849434
854.594775,184,10422.737994
2427.953388,312,10425.966897
2382.509466,326,10429.31766
2268.694839,325,10432.677593
1092.147771,230,10435.28437
2265.426051,406,10440.387467
2002.906711,404,10445.735048
2377.692174,289,10449.324151
2505.76924,358,10453.964718
1162.459285,255,10457.349662
2190.622417,326,10461.416301
2529.486324,456,10467.136626
2446.813653,342,10471.636452
2357.647024,339,10476.046412
2413.199397,322,10480.037353
2404.924527,347,10484.612592
2474.765438,317,10488.745698
1127.278269,151,10494.539752
-52.333512,77,10495.476954
2438.488357,317,10499.526069
2551.629515,336,10503.927957
2357.131138,373,10508.515085
2354.916357,284,10512.244237
2349.459655,296,10516.136439
2455.775881,319,10520.154036
2562.333301,391,10524.97375
2489.500753,309,10528.123059
2340.860673,289,10531.079257
2215.716602,338,10534.575888
2460.015446,320,10537.87872
2478.921754,302,10540.991534
2537.754376,372,10544.81681
2439.151527,321,10548.097995
2723.397161,377,10551.90556
2475.877548,340,10555.86902
2284.182276,315,10559.772805
2689.553135,352,10564.212089
2316.066263,274,10567.871667
2429.390004,287,10571.466472
2508.592777,373,10576.176992
2478.471654,335,10580.662799
2254.82646,298,10584.442899
2427.304807,289,10588.179159
2375.391436,295,10591.852223
2526.238105,314,10595.996959
2435.642337,304,10599.999555
2604.709631,345,10604.366742
2389.902236,308,10608.490774
2427.532284,329,10612.738078
1770.156627,221,10620.791014
-191.715839,104,10622.180954
2527.247676,364,10627.034931
2823.466298,406,10632.079245
2565.847107,340,10636.549672
2607.367222,352,10641.114477
2334.841893,363,10645.393466
2616.853131,362,10649.269249
2308.733683,315,10652.498901
2498.309306,330,10655.852267
2366.585431,300,10658.931098
2279.923199,300,10661.98266
2398.680795,340,10665.421045
2296.102256,314,10668.649527
2426.741558,332,10672.036099
2474.210759,338,10675.575451
2296.868359,371,10679.520677
2477.827767,343,10683.032858
2425.743015,417,10687.354116
2160.741288,291,10690.349597
2701.403122,346,10693.914731
2413.575502,306,10697.11762
2474.167803,361,10701.080184
2439.067761,292,10704.193221
2471.485198,377,10708.071377
2493.006175,317,10711.323873
2323.470942,282,10714.247614
2503.75508,349,10717.848843
2396.912432,297,10720.915881
2596.138376,367,10724.757625
2354.940776,330,10728.170487
708.221736,94,10732.490042
-2.95322,67,10733.222822
2693.731778,439,10737.893469
66.258495,76,10738.685649
2329.874899,356,10742.461919
2442.509614,296,10745.545078
2549.424093,324,10748.896286
2267.69101,304,10752.007872
2364.754615,311,10755.168565
2419.292277,322,10758.471325
2596.489055,337,10761.914924
2499.290654,311,10765.120828
2498.528856,377,10768.977324
2107.113319,409,10773.23587
2448.428809,297,10776.259987
2573.598772,319,10779.529553
2538.013914,303,10782.667897
2247.609985,498,10787.797584
2207.667525,310,10790.961626
2452.42657,305,10794.15647
2537.649591,359,10798.898509
2406.935788,319,10802.995973
2411.173305,378,10807.723497
2396.188472,329,10812.139952
2195.880646,317,10816.122276
2476.579558,298,10819.894983
2237.967837,279,10823.605108
2300.611664,320,10827.79264
539.003268,117,10829.344154
2421.314028,310,10833.285042
2202.078891,354,10837.749286
2302.188853,308,10841.805294
2148.918981,269,10845.170011
591.432261,82,10850.030906
-74.388766,131,10851.796354
292.103572,154,10853.835086
215.487528,108,10855.254847
2576.248499,340,10859.737534
2432.405507,314,10863.638874
2575.064505,336,10868.011513
2380.712939,312,10872.059892
2508.527267,321,10876.034681
2780.159891,408,10881.475171
2448.175737,298,10885.043662
2503.511166,278,10887.947641
2465.112846,310,10891.162843
2160.379722,348,10894.789433
776.517217,152,10896.399134
2434.993369,283,10899.316232
2471.556371,304,10902.468028
2179.309932,441,10907.009819
2396.843673,323,10910.348375
2502.875861,311,10913.560346
2484.542576,325,10917.495669
2207.733088,330,10921.789998
2438.848341,355,10926.381569
2121.674726,330,10930.515873
2385.887564,317,10934.778995
2335.508965,315,10938.861803
2334.183911,320,10942.92363
2326.897425,331,10947.131026
2504.736406,331,10951.454507
2470.086592,349,10956.014024
2345.232866,305,10959.914328
2416.641967,320,10964.205721
2355.584317,337,10968.706282
1578.409992,263,10975.940776
1211.360382,285,10979.623574
92.605612,169,10981.844667
-92.482671,162,10983.958056
2497.365337,323,10987.992218
2332.209732,323,10992.239317
2478.354463,327,10996.507029
2534.786312,495,11002.861432
416.672088,291,11006.059471
2377.637379,327,11009.459989
2309.181647,300,11012.52784
2554.427433,318,11015.761651
2412.843645,308,11018.892667
2073.169333,325,11022.230301
2296.091133,321,11025.479224
2482.612185,339,11028.937635
2358.049235,302,11031.999768
2265.969428,378,11035.94602
2218.056908,314,11039.196881
2404.209487,281,11042.095555
571.04604,625,11048.720823
2362.402933,310,11051.896116
1409.666974,567,11057.830721
2303.276713,320,11061.168324
2046.747935,388,11065.224416
2331.05384,300,11068.292339
2411.151172,305,11071.414273
1497.111345,378,11075.277989
2356.065216,316,11078.497045
2378.136655,316,11081.815665
2231.858952,287,11088.740558
-8.840262,57,11089.378563
246.744259,108,11090.516341
198.244744,39,11090.933781
-17.905374,65,11091.601032
99.558761,145,11093.125676
437.333865,91,11094.093108
2351.683115,317,11097.538113
299.664607,113,11098.756316
2291.155584,319,11102.27396
2410.695549,326,11105.792783
2017.317162,357,11109.589322
2199.477837,308,11112.78372
2478.049486,307,11115.987579
2270.218762,308,11119.17058
2439.795526,308,11122.321275
2245.800744,303,11125.432423
2554.676867,340,11128.903127
2418.594209,316,11132.167105
2494.173725,311,11135.420083
2599.106262,324,11138.831317
2247.939562,334,11142.361879
2520.998977,343,11145.97348
2378.359406,305,11149.137364
2266.435408,314,11152.414744
2590.478119,414,11157.493139
2268.671805,314,11161.410045
2194.952448,322,11165.529013
2542.962136,331,11169.894809
2445.121794,310,11173.742093
2511.418076,344,11178.220433
79.069039,154,11180.255147
547.7385,129,11181.948631
2596.355876,318,11186.131814
2338.40756,287,11189.82534
2260.900968,308,11193.762505
2472.633445,292,11197.622933
679.881192,109,11199.065119
2360.177805,310,11206.647444
26.7729,110,11208.113758
-57.250497,249,11211.362442
2392.20526,425,11216.802236
428.254532,91,11217.934564
88.000471,151,11219.790891
290.957748,67,11220.602428
2325.396861,456,11226.557443
2613.102935,345,11230.846584
424.426495,109,11232.160863
2452.40739,326,11236.360781
395.221803,140,11238.216426
2289.959134,371,11242.942795
2360.180623,350,11246.686645
20.608986,15,11246.844885
335.955354,245,11249.33681
2374.631621,326,11252.65717
2335.042501,331,11256.063229
2446.264461,299,11259.134459
2278.36034,306,11262.274329
2495.223815,318,11265.475552
768.895174,152,11267.025188
2234.000226,334,11270.432684
2346.727821,314,11273.613302
904.371784,246,11276.68917
2266.523293,352,11281.369502
729.455108,154,11283.262806
2493.566737,340,11287.56301
2460.714693,302,11291.595693
1197.007914,273,11295.183605
1221.982428,250,11298.343232
2275.329201,298,11302.29329
1321.190551,239,11305.40276
2694.890578,334,11309.826677
2547.350866,312,11313.851722
2288.755543,288,11317.461959
2444.912612,345,11322.056604
2515.107613,280,11325.633793
1159.496804,157,11331.999617
237.655481,119,11333.573597
57.008589,266,11337.123955
372.911867,154,11339.18082
301.859789,83,11340.238706
2378.128355,459,11345.854555
2375.319937,490,11352.352165
2642.33557,447,11357.923451
2548.345283,347,11362.53844
2187.956587,433,11367.446775
2368.742537,343,11371.071344
2313.597859,334,11374.538165
2244.175123,329,11377.890359
1914.230186,346,11381.404154
2388.560232,400,11385.483788
2542.697955,424,11389.790009
2314.164203,301,11392.844058
2511.30151,344,11396.407681
2205.126633,314,11399.660198
2375.969262,342,11403.240953
2264.182576,294,11406.254822
2534.204217,403,11410.467093
2574.241731,315,11413.771438
2640.199554,368,11417.54771
1166.385049,149,11419.091997
2595.180482,375,11423.108077
2479.369991,362,11426.827976
2327.093527,338,11430.27465
2475.577041,323,11433.542101
2360.793178,316,11436.735161
2377.107941,383,11440.617684
721.455153,99,11445.955936
-141.074533,86,11446.894593
2577.650985,381,11450.860809
2496.04063,373,11454.780937
2429.867595,297,11457.898404
2434.395175,295,11460.991162
142.156682,40,11461.399087
2616.787689,405,11465.70101
2434.842698,298,11468.804875
2321.569351,297,11471.865729
2465.648401,291,11474.880559
2491.354077,291,11477.902985
2475.221859,347,11481.532082
2470.186091,300,11484.633025
2325.47242,285,11487.541619
37.579181,28,11487.822566
2468.546792,342,11491.343057
2428.566975,277,11494.187793
2274.569913,335,11497.627371
2507.312011,311,11500.827559
2035.023532,314,11504.063926
-59.121103,20,11504.272596
2391.009087,308,11507.427741
2465.508641,296,11510.468037
1960.383203,317,11513.74261
2438.118404,326,11517.697415
2411.725134,306,11521.693963
2399.969505,324,11526.007092
-205.954228,103,11527.296291
2519.424783,308,11531.091891
2385.039114,311,11535.256381
2541.755149,331,11539.475369
2412.595696,297,11543.234414
2427.818389,332,11547.526152
2433.191923,320,11551.769928
2447.418711,334,11556.191314
1276.958928,174,11562.455333
89.703503,91,11563.659681
2525.439629,368,11568.320457
2184.485046,422,11573.828905
2485.630145,294,11577.511242
2525.338796,310,11581.560237
2364.375889,353,11586.048254
2368.739194,289,11589.656433
2373.738439,350,11594.331194
2308.98874,342,11598.627099
2549.049565,310,11602.620357
2519.956906,302,11605.988734
2292.496185,335,11609.480458
2610.851536,319,11612.739994
2394.24538,341,11616.246681
2213.407313,315,11619.514055
2224.264439,344,11623.074634
2445.079622,311,11626.262651
2592.840889,304,11629.374593
2383.467166,282,11632.244582
2386.33421,328,11636.106242
2151.490303,298,11639.861734
2255.659669,300,11643.614319
2461.022511,295,11647.534451
2322.464632,326,11651.767098
2225.097772,346,11656.163204
2303.706643,280,11659.890816
2436.374497,311,11663.842302
2567.890873,383,11668.865543
2496.627796,308,11672.711865
2501.412994,295,11676.617314
2296.066573,341,11681.099159
1176.093016,207,11687.737446
56.626205,52,11688.406865
2556.10195,344,11692.858719
2579.918045,368,11697.556095
2519.780032,360,11701.973644
2572.637417,314,11706.120437
2494.864572,339,11710.444435
2381.143186,317,11714.46151
2416.533598,319,11718.735062
2140.805784,328,11722.938821
2542.279622,308,11726.371348
2250.481135,315,11729.688415
2563.42159,318,11733.051721
2509.427758,329,11736.420627
2506.292091,313,11739.629254
2534.030572,346,11743.190793
2745.203011,348,11746.760473
2340.759213,290,11749.735683
2378.950853,291,11752.721473
2387.370323,299,11755.804826
2528.113869,316,11759.088161
2480.094028,313,11762.293901
2733.850643,359,11766.074523
2582.144274,326,11769.445178
2463.873974,296,11772.487748
2406.132636,311,11775.666361
2424.592908,338,11779.197068
2432.337351,316,11782.529325
2207.274073,373,11786.363024
2398.576627,309,11789.517768
2310.68571,308,11792.681871
2425.501671,372,11796.54686
1231.604183,165,11802.360562
0.815386,39,11802.828019
2.145913,35,11803.176473
-26.640378,72,11803.905444
2241.648398,334,11807.411622
2179.543886,327,11810.853882
2428.850904,320,11814.30826
2494.764504,286,11817.381849
2524.38285,365,11821.309012
2424.123068,296,11824.465291
2446.97264,421,11828.897242
2392.173051,318,11832.159167
307.754784,77,11832.939815
2249.420547,296,11835.989643
-98.742246,21,11836.21063
2361.323654,338,11839.657926
2387.727656,296,11842.696249
2537.285083,302,11845.770896
2176.628465,332,11849.171088
2508.272522,312,11852.42697
2376.445623,357,11856.103903
2546.564914,360,11859.785961
2562.157864,352,11863.465685
2753.186831,347,11867.146419
2286.04005,298,11870.207288
2466.524405,288,11873.149289
2533.769203,321,11876.995324
2512.125881,306,11881.037369
2427.882552,368,11885.653212
2426.161393,289,11889.366419
2405.159907,339,11893.862091
2216.399412,294,11897.486726
2339.458869,335,11901.762456
2410.625837,284,11905.447656
2128.643129,382,11910.515366
1887.4449,293,11918.087216
2166.917745,363,11922.799882
-14.119807,110,11924.131636
209.152209,105,11925.428938
2129.339435,328,11929.54401
180.269258,69,11930.451025
2537.62702,347,11934.995839
2363.843357,330,11939.315814
2492.625146,316,11943.235834
249.856853,65,11944.011312
2393.506455,342,11948.293427
2275.699835,336,11952.625919
2575.960491,306,11956.325437
2006.849975,353,11960.79721
384.913356,72,11961.726005
366.172711,322,11965.503355
2215.768154,296,11968.484029
2515.541887,331,11971.813422
2385.23793,297,11974.794837
2487.292465,331,11978.225806
2148.593281,296,11981.218252
2392.047772,297,11984.186198
2637.824993,332,11987.500259
2481.785357,295,11990.43175
2371.061554,326,11993.695077
2360.101287,318,11997.520364
2332.474684,318,12001.46196
2294.586958,330,12005.767122
2438.945318,301,12009.53153
2401.374612,290,12013.093278
2297.434266,339,12017.568373
2474.112274,315,12021.51987
2194.629284,310,12025.407718
2503.517081,354,12029.734316
2267.191128,291,12033.506323
1861.239615,269,12040.837686
-185.576697,132,12042.586436
2899.496525,430,12048.200938
361.6411,63,12049.009903
2495.05488,342,12053.047132
2407.351551,335,12056.801282
2081.268056,479,12061.997863
2423.53627,309,12065.288185
2450.364762,292,12068.389042
2435.870149,294,12071.574679
2484.633259,286,12074.616043
2135.242896,296,12077.861215
2577.872429,315,12081.664762
2259.504444,309,12085.318602
2594.370727,296,12088.316412
2511.898221,293,12091.256266
2424.432412,334,12094.618972
2366.928786,300,12097.616909
2383.78238,334,12100.989208
2517.789274,320,12104.181976
256.128678,84,12105.021178
2565.776358,335,12108.437084
2385.362961,310,12111.570507
2421.296784,331,12114.900007
2115.747175,318,12118.114786
2270.386048,332,12121.495175
2436.94058,334,12124.932141
2467.897983,347,12128.415341
2451.220154,287,12131.305217
2571.358952,327,12134.649252
2460.097057,293,12137.584452
2213.162705,338,12141.029052
2134.329945,319,12144.278977
2303.772596,286,12150.80504
3.583644,89,12151.728339
38.107232,235,12154.07629
567.815438,318,12157.360124
2347.593374,355,12160.958988
117.030429,150,12162.486526
2397.277866,343,12166.007651
268.477178,130,12167.307046
2063.042154,314,12170.528932
437.4831,123,12171.785591
511.839058,124,12173.053623
537.448197,108,12174.143933
764.515093,141,12175.602489
2663.823215,369,12179.371048
2378.037936,307,12182.457796
2503.102401,364,12186.11706
863.628761,145,12187.568538
2577.297867,314,12190.723526
2393.382734,324,12194.016437
2262.876227,294,12196.968963
2282.686541,383,12200.857052
2441.261213,294,12203.867139
2364.500293,285,12206.736488
2342.286886,284,12209.607652
2494.716272,299,12212.619781
2431.550313,342,12216.048601
2460.177979,303,12219.099922
2205.981507,317,12222.27699
526.336591,360,12225.929431
2357.773502,384,12229.785651
2472.89607,335,12233.150311
2501.752257,333,12237.179166
2187.274167,309,12240.944424
2219.568755,310,12244.978262
2524.957301,366,12249.660121
2430.820016,337,12253.881124
1659.233749,212,12260.243186
2452.043837,405,12265.246363
77.134739,462,12271.102325
2651.516212,383,12276.13611
2445.396729,286,12279.751938
2129.380692,298,12283.623301
2584.619664,361,12288.440505
2256.427143,314,12292.415622
2481.802118,296,12296.123825
2458.746032,315,12300.000767
2264.941832,339,12304.421426
2477.204563,331,12308.643317
2538.168332,339,12312.90199
2407.442946,356,12317.595068
2597.589648,304,12321.406498
2404.772519,325,12325.145221
2399.657601,283,12327.998214
2416.063185,289,12330.917557
2561.422183,302,12333.998991
2584.28863,387,12337.907885
2382.997551,356,12341.495944
2582.269378,309,12344.627342
2196.464289,325,12347.894635
2529.223952,309,12351.005764
2344.740847,430,12355.827029
2412.560601,284,12359.58011
2364.894207,331,12363.767334
2529.969992,336,12368.031641
2459.355214,311,12372.181235
2525.353405,300,12375.905069
2157.112801,312,12379.829638
102.5762,22,12383.425738
296.758376,80,12384.43829
-296.444176,161,12386.564613
2192.575863,417,12391.966715
2286.355646,306,12395.798678
2546.369889,353,12400.484409
2216.072455,335,12404.77937
2468.294955,293,12408.521173
2558.358746,317,12412.6969
606.911315,97,12413.962654
2601.562261,361,12418.716252
2316.052145,331,12422.874241
1952.941766,389,12427.797164
587.173117,126,12429.446615
2323.301105,308,12433.399663
2422.176937,329,12437.403259
2355.655964,304,12441.290176
2573.349254,310,12444.992306
2379.910552,279,12447.800235
2437.150825,304,12450.836422
2459.252084,319,12454.114423
2452.334939,292,12457.054528
2157.977099,286,12459.927307
2379.780139,294,12463.011954
2637.38688,328,12466.461699
2227.466596,329,12469.914611
2405.514509,310,12473.145779
2270.635805,328,12476.456553
628.888333,137,12477.818736
2193.05947,304,12480.867198
2302.581133,273,12483.704617
1998.789747,357,12487.397514
1915.396745,323,12490.759628
2521.112092,291,12493.806603
2529.869682,302,12496.910522
672.351264,127,12501.031721
90.028284,54,12501.603371
145.085267,59,12502.216813
154.810205,93,12503.166689
2563.389989,341,12506.606241
2491.160871,323,12509.85938
2412.726199,277,12512.664833
2500.522705,323,12515.970088
2547.125944,405,12520.157047
2475.691935,311,12523.307046
135.650006,127,12524.591931
452.819793,109,12525.720306
2466.060445,280,12528.633147
2485.650026,295,12531.645749
2307.520324,336,12535.059883
2630.116726,338,12538.51311
2400.867115,294,12541.465554
558.551879,173,12543.213403
2259.059668,316,12546.438341
2426.333008,318,12549.66199
2659.868179,333,12553.027879
2519.7932,309,12556.213954
2483.932588,300,12559.280633
2324.635009,309,12562.510671
744.214688,130,12563.866004
2215.257646,358,12567.521183
2220.600071,296,12570.505431
2416.082628,308,12573.649662
2330.087828,314,12576.839922
2562.896233,344,12580.277417
2334.064424,285,12583.144774
2294.159339,284,12586.010868
1903.509367,348,12589.540835
2542.058947,335,12592.947225
2497.05489,299,12596.473702
2549.851241,319,12600.400454
2556.999196,302,12604.307015
402.211889,55,12609.367251
93.1104,69,12610.216288
2295.706548,332,12614.482851
2497.838507,343,12618.973806
158.761821,56,12619.659803
2505.245481,380,12624.344775
2542.932779,335,12628.411335
2423.293852,324,12632.631419
2240.403911,299,12636.554774
2597.76359,334,12640.723355
2552.633008,308,12644.77266
2307.24497,306,12648.795253
2481.642031,314,12652.722019
2572.069489,327,12656.73848
2458.37652,319,12660.746721
2292.376186,324,12665.013151
2440.236968,299,12668.802477
2324.254178,306,12672.66906
2171.872376,303,12676.656455
2423.480332,313,12680.588175
2452.841667,324,12684.405717
2409.972881,299,12687.388021
2470.202412,294,12690.346907
2418.380751,275,12693.110233
2398.296029,321,12696.360145
2480.686242,292,12699.289388
2488.523417,356,12702.893571
2465.249796,336,12706.259361
2552.21549,352,12709.852101
2167.70339,324,12713.181251
2489.280951,340,12717.473722
2393.593264,312,12721.556309
2375.887735,311,12725.388912
2146.0291,303,12733.065149
39.728453,30,12733.424237
1843.618305,338,12737.597649
2458.698346,390,12742.683019
2664.880787,358,12747.365638
2231.183133,319,12751.502766
2470.338878,306,12755.320518
2267.746225,305,12759.391278
2179.847384,342,12763.80233
2389.694589,313,12767.818194
2488.431963,407,12773.203341
2495.286914,287,12776.949991
2471.05448,286,12780.657715
2531.234663,334,12784.779301
2522.756233,293,12788.592576
2296.239866,316,12792.636947
2341.126056,339,12796.592313
2349.031707,314,12800.618741
2444.729019,315,12804.517439
2365.362021,328,12807.813021
2073.091857,340,12811.238297
2506.753927,317,12814.446806
2516.788702,310,12817.598359
2241.397109,311,12820.767379
2236.519761,323,12824.042427
2452.200961,300,12827.122769
2509.435677,297,12830.146587
2467.587896,295,12833.104188
2157.815507,293,12836.045359
2494.868812,319,12839.300038
2311.323678,307,12842.499581
2280.907517,272,12845.270755
2522.989064,364,12848.980434
-9.564543,2,12852.246756
43.809627,39,12852.698436
2453.900078,389,12856.726689
2325.500225,485,12861.756266
2342.243667,308,12864.931407
2515.248529,378,12868.796748
508.421773,142,12870.237112
2448.608211,329,12873.593937
2530.382262,353,12877.263111
2315.190857,314,12880.464178
2472.830115,331,12883.828338
2287.442073,296,12886.806983
794.658355,149,12888.286377
2199.934382,315,12891.404898
2283.171726,286,12894.256953
2617.713828,354,12897.77948
2538.101282,290,12900.753175
2458.840309,309,12903.861553
2387.868376,325,12907.112126
2536.86712,307,12910.267469
2207.979999,293,12913.307129
2431.170108,302,12916.431075
2135.206392,304,12919.564448
2397.88799,298,12922.587871
2532.79503,313,12925.765165
2633.943929,338,12929.17428
2506.507344,363,12932.77184
2219.551074,348,12936.217852
2336.214089,303,12939.217172
2473.424983,294,12942.115147
2492.832709,290,12944.95053
2352.667861,299,12947.895733
2434.657016,335,12951.206377
781.175161,148,12952.659978
333.602039,73,12957.118594
75.200703,86,12958.205915
2397.020318,369,12963.058547
358.37245,116,12964.612913
2548.140483,341,12968.954364
2299.233063,311,12972.903077
2293.723038,350,12977.573895
514.456067,123,12979.096546
2285.311491,288,12982.6533
2225.730153,302,12986.437293
2328.247316,311,12990.340108
2500.592761,307,12994.425628
2298.356838,338,12998.7209
2207.742616,316,13002.704277
2540.081068,301,13006.685489
2481.983424,298,13010.455014
2330.19563,316,13014.333072
2652.886517,488,13020.39431
2531.370625,342,13024.894169
715.933038,146,13026.75421
2358.770852,311,13030.602738
2358.099885,273,13034.126248
2476.721247,346,13038.639884
2508.540789,306,13042.338393
2251.597298,341,13046.014066
2442.955376,315,13049.195562
2231.331931,319,13052.419078
2320.380545,321,13055.6484
2550.279993,329,13058.943564
2218.646227,338,13062.341168
2238.838138,324,13065.587059
2297.7251,340,13068.972314
2500.301307,293,13071.910018
2504.605099,352,13075.930293
282.877237,43,13079.260408
-35.986901,201,13081.792592
2538.743361,305,13085.641608
2456.862983,296,13089.580729
2213.194039,303,13093.432581
2378.804868,315,13097.365239
2858.254674,449,13103.278104
2510.821692,315,13107.430014
2355.342227,367,13112.148284
2469.131363,307,13116.006966
1615.541977,244,13119.246042
2287.296781,319,13123.313683
2421.144648,289,13126.92227
2211.583821,312,13131.013149
2515.962452,345,13135.545866
2291.78473,350,13140.169265
212.474093,44,13140.680781
348.692064,90,13141.791312
2537.909945,308,13145.434199
2436.75151,326,13149.659472
2553.226627,317,13153.55235
2285.130305,363,13157.973969
2399.841099,326,13162.214209
2485.087345,307,13165.64935
2317.661893,363,13169.32579
2301.957805,336,13172.752803
2442.26491,296,13175.794369
2395.441096,328,13179.153476
2421.526298,306,13182.261152
2388.47464,327,13185.588828
219.897073,66,13186.25529
2408.118915,348,13189.794094
2356.431308,277,13192.571196
2509.244839,298,13195.56706
